start_date,end_date,taxon_name,taxon_concept_id,rank,iso_code2,unit,term,source,purpose,Applies_to_import,notes,internal notes
31/05/1999,,ALL,ALL,ALL,IN,ALL,ALL,A; C; D; F; I; O; R; U; X,Z; G; Q; S; H; P; M; E; N; B; L,,"Exports of wild-taken specimens for commercial purposes, with the exception of cultivated varieties of plant species included in Appendices I and II.",Country-level suspension for T & W
30/07/2004,,ALL,ALL,ALL,SO,ALL,ALL,ALL,Z; G; Q; S; H; P; M; E; N; B; L,,All commercial trade in specimens of CITES-listed species.,Country-level suspension for T
30/07/2004,04/07/2019,ALL,ALL,ALL,MR,ALL,ALL,ALL,Z; G; Q; S; H; P; M; E; N; B; L,,All commercial trade in specimens of CITES-listed species.,Country-level suspension for T
19/09/2005,,ALL,ALL,ALL,AF,ALL,ALL,ALL,Z; G; Q; S; H; P; M; E; N; B; L,,The export of CITES-listed species for commercial purposes.,Country-level suspension for T
16/01/2006,,Caiman crocodilus yacare,55214,SUBSPECIES,AR,ALL,ALL,R,ALL,,"The export of live specimens, as well as of parts and derivatives (except for specimens from ranching operations).",Species suspension
16/01/2006,,Caiman latirostris,5390,SPECIES,AR,ALL,ALL,R,ALL,,"The export of live specimens, as well as of parts and derivatives (except for specimens from ranching operations).",Species suspension
16/01/2006,,Pecari tajacu,8246,SPECIES,AR,ALL,TRO,ALL,ALL,,"The export of live specimens, as well as of parts and derivatives (except for trophies).",Species suspension
16/01/2006,,Puma concolor,6330,SPECIES,AR,ALL,TRO,ALL,ALL,,"The export of live specimens, as well as of parts and derivatives (except for trophies).",Species suspension
14/12/2006,09/05/2016,ALL,ALL,ALL,SO,ALL,ALL,ALL,Z; G; Q; S; H; P; M; E; N; B; L,,All commercial trade in specimens of CITES-listed species.,Country-level suspension for T
19/01/2011,10/02/2014,ALL,ALL,ALL,PY,ALL,ALL,ALL,Z; G; Q; S; H; P; M; E; N; B; L,,"Commercial trade in Appendix II species, with the exception of stocks of legally acquired reptile skins collected in 2001, 2002 and 2003, and essential oil and timber of <i>Bulnesia sarmientoi</i>.",Country-level suspension for T
19/01/2011,,ALL,ALL,ALL,DJ,ALL,ALL,ALL,Z; G; Q; S; H; P; M; E; N; B; L,,All commercial trade in specimens of CITES-listed species.,Country-level suspension for T
19/01/2011,10/02/2014,Bulnesia sarmientoi,23851,SPECIES,PY,ALL,OIL; TIM,ALL,ALL,,"Commercial trade in Appendix II species, with the exception of stocks of legally acquired reptile skins collected in 2001, 2002 and 2003, and essential oil and timber of <i>Bulnesia sarmientoi</i>.",Country-level suspension for T
19/01/2011,10/02/2014,Eira barbara,6048,SPECIES,PY,ALL,ALL,ALL,ALL,,"Commercial trade in Appendix II species, with the exception of stocks of legally acquired reptile skins collected in 2001, 2002 and 2003, and essential oil and timber of <i>Bulnesia sarmientoi</i>.",Country-level suspension for T AppII- only App III taxon exported during time period
02/02/2012 00:00,09/04/2015 00:00,Balaena mysticetus,7903,SPECIES,ALL,ALL,ALL,ALL,Z; G; Q; S; H; P; M; E; N; B; L,,"No issuance of CITES import or export permits, or certificates for introduction from the sea for primarily commercial purposes for any specimen of a species or stock protected from commercial whaling by the IWC. See Schedule on http://cites.org/sites/default/files/common/notif/2012/E010A.pdf",Cetacea-level
02/02/2012 00:00,09/04/2015 00:00,Balaenoptera acutorostrata,8288,SPECIES,ALL,ALL,ALL,ALL,Z; G; Q; S; H; P; M; E; N; B; L,,"No issuance of CITES import or export permits, or certificates for introduction from the sea for primarily commercial purposes for any specimen of a species or stock protected from commercial whaling by the IWC. See Schedule on http://cites.org/sites/default/files/common/notif/2012/E010A.pdf",Cetacea-level
02/02/2012 00:00,09/04/2015 00:00,Balaenoptera bonaerensis,6477,SPECIES,ALL,ALL,ALL,ALL,Z; G; Q; S; H; P; M; E; N; B; L,,"No issuance of CITES import or export permits, or certificates for introduction from the sea for primarily commercial purposes for any specimen of a species or stock protected from commercial whaling by the IWC. See Schedule on http://cites.org/sites/default/files/common/notif/2012/E010A.pdf",Cetacea-level
02/02/2012 00:00,09/04/2015 00:00,Balaenoptera borealis,3975,SPECIES,ALL,ALL,ALL,ALL,Z; G; Q; S; H; P; M; E; N; B; L,,"No issuance of CITES import or export permits, or certificates for introduction from the sea for primarily commercial purposes for any specimen of a species or stock protected from commercial whaling by the IWC. See Schedule on http://cites.org/sites/default/files/common/notif/2012/E010A.pdf",Cetacea-level
02/02/2012 00:00,09/04/2015 00:00,Balaenoptera edeni,6352,SPECIES,ALL,ALL,ALL,ALL,Z; G; Q; S; H; P; M; E; N; B; L,,"No issuance of CITES import or export permits, or certificates for introduction from the sea for primarily commercial purposes for any specimen of a species or stock protected from commercial whaling by the IWC. See Schedule on http://cites.org/sites/default/files/common/notif/2012/E010A.pdf",Cetacea-level
02/02/2012 00:00,09/04/2015 00:00,Balaenoptera musculus,10905,SPECIES,ALL,ALL,ALL,ALL,Z; G; Q; S; H; P; M; E; N; B; L,,"No issuance of CITES import or export permits, or certificates for introduction from the sea for primarily commercial purposes for any specimen of a species or stock protected from commercial whaling by the IWC. See Schedule on http://cites.org/sites/default/files/common/notif/2012/E010A.pdf",Cetacea-level
02/02/2012 00:00,09/04/2015 00:00,Balaenoptera omurai,4329,SPECIES,ALL,ALL,ALL,ALL,Z; G; Q; S; H; P; M; E; N; B; L,,"No issuance of CITES import or export permits, or certificates for introduction from the sea for primarily commercial purposes for any specimen of a species or stock protected from commercial whaling by the IWC. See Schedule on http://cites.org/sites/default/files/common/notif/2012/E010A.pdf",Cetacea-level
02/02/2012 00:00,09/04/2015 00:00,Balaenoptera physalus,9445,SPECIES,ALL,ALL,ALL,ALL,Z; G; Q; S; H; P; M; E; N; B; L,,"No issuance of CITES import or export permits, or certificates for introduction from the sea for primarily commercial purposes for any specimen of a species or stock protected from commercial whaling by the IWC. See Schedule on http://cites.org/sites/default/files/common/notif/2012/E010A.pdf",Cetacea-level
02/02/2012 00:00,09/04/2015 00:00,Berardius arnuxii,7840,SPECIES,ALL,ALL,ALL,ALL,ALL,,"No issuance of CITES import or export permits, or certificates for introduction from the sea for primarily commercial purposes for any specimen of a species or stock protected from commercial whaling by the IWC. See Schedule on http://cites.org/sites/default/files/common/notif/2012/E010A.pdf",Not a great whale so not covered by IWC suspension
02/02/2012 00:00,09/04/2015 00:00,Berardius bairdii,9048,SPECIES,ALL,ALL,ALL,ALL,ALL,,"No issuance of CITES import or export permits, or certificates for introduction from the sea for primarily commercial purposes for any specimen of a species or stock protected from commercial whaling by the IWC. See Schedule on http://cites.org/sites/default/files/common/notif/2012/E010A.pdf",Not a great whale so not covered by IWC suspension
02/02/2012 00:00,09/04/2015 00:00,Caperea marginata,8608,SPECIES,ALL,ALL,ALL,ALL,ALL,,"No issuance of CITES import or export permits, or certificates for introduction from the sea for primarily commercial purposes for any specimen of a species or stock protected from commercial whaling by the IWC. See Schedule on http://cites.org/sites/default/files/common/notif/2012/E010A.pdf",Not a great whale so not covered by IWC suspension
02/02/2012 00:00,09/04/2015 00:00,Cephalorhynchus commersonii,7265,SPECIES,ALL,ALL,ALL,ALL,ALL,,"No issuance of CITES import or export permits, or certificates for introduction from the sea for primarily commercial purposes for any specimen of a species or stock protected from commercial whaling by the IWC. See Schedule on http://cites.org/sites/default/files/common/notif/2012/E010A.pdf",Not a great whale so not covered by IWC suspension
02/02/2012 00:00,09/04/2015 00:00,Cephalorhynchus eutropia,10200,SPECIES,ALL,ALL,ALL,ALL,ALL,,"No issuance of CITES import or export permits, or certificates for introduction from the sea for primarily commercial purposes for any specimen of a species or stock protected from commercial whaling by the IWC. See Schedule on http://cites.org/sites/default/files/common/notif/2012/E010A.pdf",Not a great whale so not covered by IWC suspension
02/02/2012 00:00,09/04/2015 00:00,Cephalorhynchus heavisidii,4438,SPECIES,ALL,ALL,ALL,ALL,ALL,,"No issuance of CITES import or export permits, or certificates for introduction from the sea for primarily commercial purposes for any specimen of a species or stock protected from commercial whaling by the IWC. See Schedule on http://cites.org/sites/default/files/common/notif/2012/E010A.pdf",Not a great whale so not covered by IWC suspension
02/02/2012 00:00,09/04/2015 00:00,Cephalorhynchus hectori,5314,SPECIES,ALL,ALL,ALL,ALL,ALL,,"No issuance of CITES import or export permits, or certificates for introduction from the sea for primarily commercial purposes for any specimen of a species or stock protected from commercial whaling by the IWC. See Schedule on http://cites.org/sites/default/files/common/notif/2012/E010A.pdf",Not a great whale so not covered by IWC suspension
02/02/2012 00:00,09/04/2015 00:00,Delphinapterus leucas,4206,SPECIES,ALL,ALL,ALL,ALL,ALL,,"No issuance of CITES import or export permits, or certificates for introduction from the sea for primarily commercial purposes for any specimen of a species or stock protected from commercial whaling by the IWC. See Schedule on http://cites.org/sites/default/files/common/notif/2012/E010A.pdf",Not a great whale so not covered by IWC suspension
02/02/2012 00:00,09/04/2015 00:00,Delphinus capensis,5623,SPECIES,ALL,ALL,ALL,ALL,ALL,,"No issuance of CITES import or export permits, or certificates for introduction from the sea for primarily commercial purposes for any specimen of a species or stock protected from commercial whaling by the IWC. See Schedule on http://cites.org/sites/default/files/common/notif/2012/E010A.pdf",Not a great whale so not covered by IWC suspension
02/02/2012 00:00,09/04/2015 00:00,Delphinus delphis,5924,SPECIES,ALL,ALL,ALL,ALL,ALL,,"No issuance of CITES import or export permits, or certificates for introduction from the sea for primarily commercial purposes for any specimen of a species or stock protected from commercial whaling by the IWC. See Schedule on http://cites.org/sites/default/files/common/notif/2012/E010A.pdf",Not a great whale so not covered by IWC suspension
02/02/2012 00:00,09/04/2015 00:00,Eschrichtius robustus,5138,SPECIES,ALL,ALL,ALL,ALL,ALL,,"No issuance of CITES import or export permits, or certificates for introduction from the sea for primarily commercial purposes for any specimen of a species or stock protected from commercial whaling by the IWC. See Schedule on http://cites.org/sites/default/files/common/notif/2012/E010A.pdf",Not a great whale so not covered by IWC suspension
02/02/2012 00:00,09/04/2015 00:00,Eubalaena australis,6659,SPECIES,ALL,ALL,ALL,ALL,Z; G; Q; S; H; P; M; E; N; B; L,,"No issuance of CITES import or export permits, or certificates for introduction from the sea for primarily commercial purposes for any specimen of a species or stock protected from commercial whaling by the IWC. See Schedule on http://cites.org/sites/default/files/common/notif/2012/E010A.pdf",Cetacea-level
02/02/2012 00:00,09/04/2015 00:00,Eubalaena glacialis,11020,SPECIES,ALL,ALL,ALL,ALL,Z; G; Q; S; H; P; M; E; N; B; L,,"No issuance of CITES import or export permits, or certificates for introduction from the sea for primarily commercial purposes for any specimen of a species or stock protected from commercial whaling by the IWC. See Schedule on http://cites.org/sites/default/files/common/notif/2012/E010A.pdf",Cetacea-level
02/02/2012 00:00,09/04/2015 00:00,Eubalaena japonica,4989,SPECIES,ALL,ALL,ALL,ALL,Z; G; Q; S; H; P; M; E; N; B; L,,"No issuance of CITES import or export permits, or certificates for introduction from the sea for primarily commercial purposes for any specimen of a species or stock protected from commercial whaling by the IWC. See Schedule on http://cites.org/sites/default/files/common/notif/2012/E010A.pdf",Cetacea-level
02/02/2012 00:00,09/04/2015 00:00,Feresa attenuata,3327,SPECIES,ALL,ALL,ALL,ALL,ALL,,"No issuance of CITES import or export permits, or certificates for introduction from the sea for primarily commercial purposes for any specimen of a species or stock protected from commercial whaling by the IWC. See Schedule on http://cites.org/sites/default/files/common/notif/2012/E010A.pdf",Not a great whale so not covered by IWC suspension
02/02/2012 00:00,09/04/2015 00:00,Globicephala macrorhynchus,8462,SPECIES,ALL,ALL,ALL,ALL,ALL,,"No issuance of CITES import or export permits, or certificates for introduction from the sea for primarily commercial purposes for any specimen of a species or stock protected from commercial whaling by the IWC. See Schedule on http://cites.org/sites/default/files/common/notif/2012/E010A.pdf",Not a great whale so not covered by IWC suspension
02/02/2012 00:00,09/04/2015 00:00,Globicephala melas,7046,SPECIES,ALL,ALL,ALL,ALL,ALL,,"No issuance of CITES import or export permits, or certificates for introduction from the sea for primarily commercial purposes for any specimen of a species or stock protected from commercial whaling by the IWC. See Schedule on http://cites.org/sites/default/files/common/notif/2012/E010A.pdf",Not a great whale so not covered by IWC suspension
02/02/2012 00:00,09/04/2015 00:00,Grampus griseus,9702,SPECIES,ALL,ALL,ALL,ALL,ALL,,"No issuance of CITES import or export permits, or certificates for introduction from the sea for primarily commercial purposes for any specimen of a species or stock protected from commercial whaling by the IWC. See Schedule on http://cites.org/sites/default/files/common/notif/2012/E010A.pdf",Not a great whale so not covered by IWC suspension
02/02/2012 00:00,09/04/2015 00:00,Hyperoodon ampullatus,4979,SPECIES,ALL,ALL,ALL,ALL,ALL,,"No issuance of CITES import or export permits, or certificates for introduction from the sea for primarily commercial purposes for any specimen of a species or stock protected from commercial whaling by the IWC. See Schedule on http://cites.org/sites/default/files/common/notif/2012/E010A.pdf",Not a great whale so not covered by IWC suspension
02/02/2012 00:00,09/04/2015 00:00,Hyperoodon planifrons,3957,SPECIES,ALL,ALL,ALL,ALL,ALL,,"No issuance of CITES import or export permits, or certificates for introduction from the sea for primarily commercial purposes for any specimen of a species or stock protected from commercial whaling by the IWC. See Schedule on http://cites.org/sites/default/files/common/notif/2012/E010A.pdf",Not a great whale so not covered by IWC suspension
02/02/2012 00:00,09/04/2015 00:00,Indopacetus pacificus,9126,SPECIES,ALL,ALL,ALL,ALL,ALL,,"No issuance of CITES import or export permits, or certificates for introduction from the sea for primarily commercial purposes for any specimen of a species or stock protected from commercial whaling by the IWC. See Schedule on http://cites.org/sites/default/files/common/notif/2012/E010A.pdf",Not a great whale so not covered by IWC suspension
02/02/2012 00:00,09/04/2015 00:00,Inia araguaiaensis,67923,SPECIES,ALL,ALL,ALL,ALL,ALL,,"No issuance of CITES import or export permits, or certificates for introduction from the sea for primarily commercial purposes for any specimen of a species or stock protected from commercial whaling by the IWC. See Schedule on http://cites.org/sites/default/files/common/notif/2012/E010A.pdf",Not a great whale so not covered by IWC suspension
02/02/2012 00:00,09/04/2015 00:00,Inia geoffrensis,4021,SPECIES,ALL,ALL,ALL,ALL,ALL,,"No issuance of CITES import or export permits, or certificates for introduction from the sea for primarily commercial purposes for any specimen of a species or stock protected from commercial whaling by the IWC. See Schedule on http://cites.org/sites/default/files/common/notif/2012/E010A.pdf",Not a great whale so not covered by IWC suspension
02/02/2012 00:00,09/04/2015 00:00,Kogia breviceps,6515,SPECIES,ALL,ALL,ALL,ALL,Z; G; Q; S; H; P; M; E; N; B; L,,"No issuance of CITES import or export permits, or certificates for introduction from the sea for primarily commercial purposes for any specimen of a species or stock protected from commercial whaling by the IWC. See Schedule on http://cites.org/sites/default/files/common/notif/2012/E010A.pdf",Cetacea-level
02/02/2012 00:00,09/04/2015 00:00,Kogia sima,6532,SPECIES,ALL,ALL,ALL,ALL,Z; G; Q; S; H; P; M; E; N; B; L,,"No issuance of CITES import or export permits, or certificates for introduction from the sea for primarily commercial purposes for any specimen of a species or stock protected from commercial whaling by the IWC. See Schedule on http://cites.org/sites/default/files/common/notif/2012/E010A.pdf",Cetacea-level
02/02/2012 00:00,09/04/2015 00:00,Lagenodelphis hosei,7197,SPECIES,ALL,ALL,ALL,ALL,ALL,,"No issuance of CITES import or export permits, or certificates for introduction from the sea for primarily commercial purposes for any specimen of a species or stock protected from commercial whaling by the IWC. See Schedule on http://cites.org/sites/default/files/common/notif/2012/E010A.pdf",Not a great whale so not covered by IWC suspension
02/02/2012 00:00,09/04/2015 00:00,Lagenorhynchus acutus,9180,SPECIES,ALL,ALL,ALL,ALL,ALL,,"No issuance of CITES import or export permits, or certificates for introduction from the sea for primarily commercial purposes for any specimen of a species or stock protected from commercial whaling by the IWC. See Schedule on http://cites.org/sites/default/files/common/notif/2012/E010A.pdf",Not a great whale so not covered by IWC suspension
02/02/2012 00:00,09/04/2015 00:00,Lagenorhynchus albirostris,3918,SPECIES,ALL,ALL,ALL,ALL,ALL,,"No issuance of CITES import or export permits, or certificates for introduction from the sea for primarily commercial purposes for any specimen of a species or stock protected from commercial whaling by the IWC. See Schedule on http://cites.org/sites/default/files/common/notif/2012/E010A.pdf",Not a great whale so not covered by IWC suspension
02/02/2012 00:00,09/04/2015 00:00,Lagenorhynchus australis,6793,SPECIES,ALL,ALL,ALL,ALL,ALL,,"No issuance of CITES import or export permits, or certificates for introduction from the sea for primarily commercial purposes for any specimen of a species or stock protected from commercial whaling by the IWC. See Schedule on http://cites.org/sites/default/files/common/notif/2012/E010A.pdf",Not a great whale so not covered by IWC suspension
02/02/2012 00:00,09/04/2015 00:00,Lagenorhynchus cruciger,7504,SPECIES,ALL,ALL,ALL,ALL,ALL,,"No issuance of CITES import or export permits, or certificates for introduction from the sea for primarily commercial purposes for any specimen of a species or stock protected from commercial whaling by the IWC. See Schedule on http://cites.org/sites/default/files/common/notif/2012/E010A.pdf",Not a great whale so not covered by IWC suspension
02/02/2012 00:00,09/04/2015 00:00,Lagenorhynchus obliquidens,8540,SPECIES,ALL,ALL,ALL,ALL,ALL,,"No issuance of CITES import or export permits, or certificates for introduction from the sea for primarily commercial purposes for any specimen of a species or stock protected from commercial whaling by the IWC. See Schedule on http://cites.org/sites/default/files/common/notif/2012/E010A.pdf",Not a great whale so not covered by IWC suspension
02/02/2012 00:00,09/04/2015 00:00,Lagenorhynchus obscurus,10842,SPECIES,ALL,ALL,ALL,ALL,ALL,,"No issuance of CITES import or export permits, or certificates for introduction from the sea for primarily commercial purposes for any specimen of a species or stock protected from commercial whaling by the IWC. See Schedule on http://cites.org/sites/default/files/common/notif/2012/E010A.pdf",Not a great whale so not covered by IWC suspension
02/02/2012 00:00,09/04/2015 00:00,Lipotes vexillifer,4061,SPECIES,ALL,ALL,ALL,ALL,ALL,,"No issuance of CITES import or export permits, or certificates for introduction from the sea for primarily commercial purposes for any specimen of a species or stock protected from commercial whaling by the IWC. See Schedule on http://cites.org/sites/default/files/common/notif/2012/E010A.pdf",Not a great whale so not covered by IWC suspension
02/02/2012 00:00,09/04/2015 00:00,Lissodelphis borealis,8788,SPECIES,ALL,ALL,ALL,ALL,ALL,,"No issuance of CITES import or export permits, or certificates for introduction from the sea for primarily commercial purposes for any specimen of a species or stock protected from commercial whaling by the IWC. See Schedule on http://cites.org/sites/default/files/common/notif/2012/E010A.pdf",Not a great whale so not covered by IWC suspension
02/02/2012 00:00,09/04/2015 00:00,Lissodelphis peronii,10448,SPECIES,ALL,ALL,ALL,ALL,ALL,,"No issuance of CITES import or export permits, or certificates for introduction from the sea for primarily commercial purposes for any specimen of a species or stock protected from commercial whaling by the IWC. See Schedule on http://cites.org/sites/default/files/common/notif/2012/E010A.pdf",Not a great whale so not covered by IWC suspension
02/02/2012 00:00,09/04/2015 00:00,Megaptera novaeangliae,3052,SPECIES,ALL,ALL,ALL,ALL,Z; G; Q; S; H; P; M; E; N; B; L,,"No issuance of CITES import or export permits, or certificates for introduction from the sea for primarily commercial purposes for any specimen of a species or stock protected from commercial whaling by the IWC. See Schedule on http://cites.org/sites/default/files/common/notif/2012/E010A.pdf",Cetacea-level
02/02/2012 00:00,09/04/2015 00:00,Mesoplodon bidens,6238,SPECIES,ALL,ALL,ALL,ALL,ALL,,"No issuance of CITES import or export permits, or certificates for introduction from the sea for primarily commercial purposes for any specimen of a species or stock protected from commercial whaling by the IWC. See Schedule on http://cites.org/sites/default/files/common/notif/2012/E010A.pdf",Not a great whale so not covered by IWC suspension
02/02/2012 00:00,09/04/2015 00:00,Mesoplodon bowdoini,7528,SPECIES,ALL,ALL,ALL,ALL,ALL,,"No issuance of CITES import or export permits, or certificates for introduction from the sea for primarily commercial purposes for any specimen of a species or stock protected from commercial whaling by the IWC. See Schedule on http://cites.org/sites/default/files/common/notif/2012/E010A.pdf",Not a great whale so not covered by IWC suspension
02/02/2012 00:00,09/04/2015 00:00,Mesoplodon carlhubbsi,10363,SPECIES,ALL,ALL,ALL,ALL,ALL,,"No issuance of CITES import or export permits, or certificates for introduction from the sea for primarily commercial purposes for any specimen of a species or stock protected from commercial whaling by the IWC. See Schedule on http://cites.org/sites/default/files/common/notif/2012/E010A.pdf",Not a great whale so not covered by IWC suspension
02/02/2012 00:00,09/04/2015 00:00,Mesoplodon densirostris,10436,SPECIES,ALL,ALL,ALL,ALL,ALL,,"No issuance of CITES import or export permits, or certificates for introduction from the sea for primarily commercial purposes for any specimen of a species or stock protected from commercial whaling by the IWC. See Schedule on http://cites.org/sites/default/files/common/notif/2012/E010A.pdf",Not a great whale so not covered by IWC suspension
02/02/2012 00:00,09/04/2015 00:00,Mesoplodon europaeus,8883,SPECIES,ALL,ALL,ALL,ALL,ALL,,"No issuance of CITES import or export permits, or certificates for introduction from the sea for primarily commercial purposes for any specimen of a species or stock protected from commercial whaling by the IWC. See Schedule on http://cites.org/sites/default/files/common/notif/2012/E010A.pdf",Not a great whale so not covered by IWC suspension
02/02/2012 00:00,09/04/2015 00:00,Mesoplodon ginkgodens,10466,SPECIES,ALL,ALL,ALL,ALL,ALL,,"No issuance of CITES import or export permits, or certificates for introduction from the sea for primarily commercial purposes for any specimen of a species or stock protected from commercial whaling by the IWC. See Schedule on http://cites.org/sites/default/files/common/notif/2012/E010A.pdf",Not a great whale so not covered by IWC suspension
02/02/2012 00:00,09/04/2015 00:00,Mesoplodon grayi,6913,SPECIES,ALL,ALL,ALL,ALL,ALL,,"No issuance of CITES import or export permits, or certificates for introduction from the sea for primarily commercial purposes for any specimen of a species or stock protected from commercial whaling by the IWC. See Schedule on http://cites.org/sites/default/files/common/notif/2012/E010A.pdf",Not a great whale so not covered by IWC suspension
02/02/2012 00:00,09/04/2015 00:00,Mesoplodon hectori,3188,SPECIES,ALL,ALL,ALL,ALL,ALL,,"No issuance of CITES import or export permits, or certificates for introduction from the sea for primarily commercial purposes for any specimen of a species or stock protected from commercial whaling by the IWC. See Schedule on http://cites.org/sites/default/files/common/notif/2012/E010A.pdf",Not a great whale so not covered by IWC suspension
02/02/2012 00:00,09/04/2015 00:00,Mesoplodon hotaula,68344,SPECIES,ALL,ALL,ALL,ALL,ALL,,"No issuance of CITES import or export permits, or certificates for introduction from the sea for primarily commercial purposes for any specimen of a species or stock protected from commercial whaling by the IWC. See Schedule on http://cites.org/sites/default/files/common/notif/2012/E010A.pdf",Not a great whale so not covered by IWC suspension
02/02/2012 00:00,09/04/2015 00:00,Mesoplodon layardii,5644,SPECIES,ALL,ALL,ALL,ALL,ALL,,"No issuance of CITES import or export permits, or certificates for introduction from the sea for primarily commercial purposes for any specimen of a species or stock protected from commercial whaling by the IWC. See Schedule on http://cites.org/sites/default/files/common/notif/2012/E010A.pdf",Not a great whale so not covered by IWC suspension
02/02/2012 00:00,09/04/2015 00:00,Mesoplodon mirus,8066,SPECIES,ALL,ALL,ALL,ALL,ALL,,"No issuance of CITES import or export permits, or certificates for introduction from the sea for primarily commercial purposes for any specimen of a species or stock protected from commercial whaling by the IWC. See Schedule on http://cites.org/sites/default/files/common/notif/2012/E010A.pdf",Not a great whale so not covered by IWC suspension
02/02/2012 00:00,09/04/2015 00:00,Mesoplodon perrini,8865,SPECIES,ALL,ALL,ALL,ALL,ALL,,"No issuance of CITES import or export permits, or certificates for introduction from the sea for primarily commercial purposes for any specimen of a species or stock protected from commercial whaling by the IWC. See Schedule on http://cites.org/sites/default/files/common/notif/2012/E010A.pdf",Not a great whale so not covered by IWC suspension
02/02/2012 00:00,09/04/2015 00:00,Mesoplodon peruvianus,8605,SPECIES,ALL,ALL,ALL,ALL,ALL,,"No issuance of CITES import or export permits, or certificates for introduction from the sea for primarily commercial purposes for any specimen of a species or stock protected from commercial whaling by the IWC. See Schedule on http://cites.org/sites/default/files/common/notif/2012/E010A.pdf",Not a great whale so not covered by IWC suspension
02/02/2012 00:00,09/04/2015 00:00,Mesoplodon stejnegeri,6746,SPECIES,ALL,ALL,ALL,ALL,ALL,,"No issuance of CITES import or export permits, or certificates for introduction from the sea for primarily commercial purposes for any specimen of a species or stock protected from commercial whaling by the IWC. See Schedule on http://cites.org/sites/default/files/common/notif/2012/E010A.pdf",Not a great whale so not covered by IWC suspension
02/02/2012 00:00,09/04/2015 00:00,Mesoplodon traversii,4039,SPECIES,ALL,ALL,ALL,ALL,ALL,,"No issuance of CITES import or export permits, or certificates for introduction from the sea for primarily commercial purposes for any specimen of a species or stock protected from commercial whaling by the IWC. See Schedule on http://cites.org/sites/default/files/common/notif/2012/E010A.pdf",Not a great whale so not covered by IWC suspension
02/02/2012 00:00,09/04/2015 00:00,Monodon monoceros,8084,SPECIES,ALL,ALL,ALL,ALL,ALL,,"No issuance of CITES import or export permits, or certificates for introduction from the sea for primarily commercial purposes for any specimen of a species or stock protected from commercial whaling by the IWC. See Schedule on http://cites.org/sites/default/files/common/notif/2012/E010A.pdf",Not a great whale so not covered by IWC suspension
02/02/2012 00:00,09/04/2015 00:00,Neophocaena asiaeorientalis,68342,SPECIES,ALL,ALL,ALL,ALL,ALL,,"No issuance of CITES import or export permits, or certificates for introduction from the sea for primarily commercial purposes for any specimen of a species or stock protected from commercial whaling by the IWC. See Schedule on http://cites.org/sites/default/files/common/notif/2012/E010A.pdf",Not a great whale so not covered by IWC suspension
02/02/2012 00:00,09/04/2015 00:00,Neophocaena phocaenoides,9803,SPECIES,ALL,ALL,ALL,ALL,ALL,,"No issuance of CITES import or export permits, or certificates for introduction from the sea for primarily commercial purposes for any specimen of a species or stock protected from commercial whaling by the IWC. See Schedule on http://cites.org/sites/default/files/common/notif/2012/E010A.pdf",Not a great whale so not covered by IWC suspension
02/02/2012 00:00,09/04/2015 00:00,Orcaella brevirostris,9382,SPECIES,ALL,ALL,ALL,ALL,ALL,,"No issuance of CITES import or export permits, or certificates for introduction from the sea for primarily commercial purposes for any specimen of a species or stock protected from commercial whaling by the IWC. See Schedule on http://cites.org/sites/default/files/common/notif/2012/E010A.pdf",Not a great whale so not covered by IWC suspension
02/02/2012 00:00,09/04/2015 00:00,Orcaella heinsohni,11005,SPECIES,ALL,ALL,ALL,ALL,ALL,,"No issuance of CITES import or export permits, or certificates for introduction from the sea for primarily commercial purposes for any specimen of a species or stock protected from commercial whaling by the IWC. See Schedule on http://cites.org/sites/default/files/common/notif/2012/E010A.pdf",Not a great whale so not covered by IWC suspension
02/02/2012 00:00,09/04/2015 00:00,Orcinus orca,6391,SPECIES,ALL,ALL,ALL,ALL,ALL,,"No issuance of CITES import or export permits, or certificates for introduction from the sea for primarily commercial purposes for any specimen of a species or stock protected from commercial whaling by the IWC. See Schedule on http://cites.org/sites/default/files/common/notif/2012/E010A.pdf",Not a great whale so not covered by IWC suspension
02/02/2012 00:00,09/04/2015 00:00,Peponocephala electra,7820,SPECIES,ALL,ALL,ALL,ALL,ALL,,"No issuance of CITES import or export permits, or certificates for introduction from the sea for primarily commercial purposes for any specimen of a species or stock protected from commercial whaling by the IWC. See Schedule on http://cites.org/sites/default/files/common/notif/2012/E010A.pdf",Not a great whale so not covered by IWC suspension
02/02/2012 00:00,09/04/2015 00:00,Phocoena dioptrica,11079,SPECIES,ALL,ALL,ALL,ALL,ALL,,"No issuance of CITES import or export permits, or certificates for introduction from the sea for primarily commercial purposes for any specimen of a species or stock protected from commercial whaling by the IWC. See Schedule on http://cites.org/sites/default/files/common/notif/2012/E010A.pdf",Not a great whale so not covered by IWC suspension
02/02/2012 00:00,09/04/2015 00:00,Phocoena phocoena,11185,SPECIES,ALL,ALL,ALL,ALL,ALL,,"No issuance of CITES import or export permits, or certificates for introduction from the sea for primarily commercial purposes for any specimen of a species or stock protected from commercial whaling by the IWC. See Schedule on http://cites.org/sites/default/files/common/notif/2012/E010A.pdf",Not a great whale so not covered by IWC suspension
02/02/2012 00:00,09/04/2015 00:00,Phocoena sinus,5652,SPECIES,ALL,ALL,ALL,ALL,ALL,,"No issuance of CITES import or export permits, or certificates for introduction from the sea for primarily commercial purposes for any specimen of a species or stock protected from commercial whaling by the IWC. See Schedule on http://cites.org/sites/default/files/common/notif/2012/E010A.pdf",Not a great whale so not covered by IWC suspension
02/02/2012 00:00,09/04/2015 00:00,Phocoena spinipinnis,5385,SPECIES,ALL,ALL,ALL,ALL,ALL,,"No issuance of CITES import or export permits, or certificates for introduction from the sea for primarily commercial purposes for any specimen of a species or stock protected from commercial whaling by the IWC. See Schedule on http://cites.org/sites/default/files/common/notif/2012/E010A.pdf",Not a great whale so not covered by IWC suspension
02/02/2012 00:00,09/04/2015 00:00,Phocoenoides dalli,4956,SPECIES,ALL,ALL,ALL,ALL,ALL,,"No issuance of CITES import or export permits, or certificates for introduction from the sea for primarily commercial purposes for any specimen of a species or stock protected from commercial whaling by the IWC. See Schedule on http://cites.org/sites/default/files/common/notif/2012/E010A.pdf",Not a great whale so not covered by IWC suspension
02/02/2012 00:00,09/04/2015 00:00,Physeter macrocephalus,10761,SPECIES,ALL,ALL,ALL,ALL,Z; G; Q; S; H; P; M; E; N; B; L,,"No issuance of CITES import or export permits, or certificates for introduction from the sea for primarily commercial purposes for any specimen of a species or stock protected from commercial whaling by the IWC. See Schedule on http://cites.org/sites/default/files/common/notif/2012/E010A.pdf",Cetacea-level
02/02/2012 00:00,09/04/2015 00:00,Platanista gangetica,7010,SPECIES,ALL,ALL,ALL,ALL,ALL,,"No issuance of CITES import or export permits, or certificates for introduction from the sea for primarily commercial purposes for any specimen of a species or stock protected from commercial whaling by the IWC. See Schedule on http://cites.org/sites/default/files/common/notif/2012/E010A.pdf",Not a great whale so not covered by IWC suspension
02/02/2012 00:00,09/04/2015 00:00,Pontoporia blainvillei,8842,SPECIES,ALL,ALL,ALL,ALL,ALL,,"No issuance of CITES import or export permits, or certificates for introduction from the sea for primarily commercial purposes for any specimen of a species or stock protected from commercial whaling by the IWC. See Schedule on http://cites.org/sites/default/files/common/notif/2012/E010A.pdf",Not a great whale so not covered by IWC suspension
02/02/2012 00:00,09/04/2015 00:00,Pseudorca crassidens,6795,SPECIES,ALL,ALL,ALL,ALL,ALL,,"No issuance of CITES import or export permits, or certificates for introduction from the sea for primarily commercial purposes for any specimen of a species or stock protected from commercial whaling by the IWC. See Schedule on http://cites.org/sites/default/files/common/notif/2012/E010A.pdf",Not a great whale so not covered by IWC suspension
02/02/2012 00:00,09/04/2015 00:00,Sotalia fluviatilis,4962,SPECIES,ALL,ALL,ALL,ALL,ALL,,"No issuance of CITES import or export permits, or certificates for introduction from the sea for primarily commercial purposes for any specimen of a species or stock protected from commercial whaling by the IWC. See Schedule on http://cites.org/sites/default/files/common/notif/2012/E010A.pdf",Not a great whale so not covered by IWC suspension
02/02/2012 00:00,09/04/2015 00:00,Sotalia guianensis,10624,SPECIES,ALL,ALL,ALL,ALL,ALL,,"No issuance of CITES import or export permits, or certificates for introduction from the sea for primarily commercial purposes for any specimen of a species or stock protected from commercial whaling by the IWC. See Schedule on http://cites.org/sites/default/files/common/notif/2012/E010A.pdf",Not a great whale so not covered by IWC suspension
02/02/2012 00:00,09/04/2015 00:00,Sousa chinensis,8824,SPECIES,ALL,ALL,ALL,ALL,ALL,,"No issuance of CITES import or export permits, or certificates for introduction from the sea for primarily commercial purposes for any specimen of a species or stock protected from commercial whaling by the IWC. See Schedule on http://cites.org/sites/default/files/common/notif/2012/E010A.pdf",Not a great whale so not covered by IWC suspension
02/02/2012 00:00,09/04/2015 00:00,Sousa plumbea,34009,SPECIES,ALL,ALL,ALL,ALL,ALL,,"No issuance of CITES import or export permits, or certificates for introduction from the sea for primarily commercial purposes for any specimen of a species or stock protected from commercial whaling by the IWC. See Schedule on http://cites.org/sites/default/files/common/notif/2012/E010A.pdf",Not a great whale so not covered by IWC suspension
02/02/2012 00:00,09/04/2015 00:00,Sousa sahulensis,67921,SPECIES,ALL,ALL,ALL,ALL,ALL,,"No issuance of CITES import or export permits, or certificates for introduction from the sea for primarily commercial purposes for any specimen of a species or stock protected from commercial whaling by the IWC. See Schedule on http://cites.org/sites/default/files/common/notif/2012/E010A.pdf",Not a great whale so not covered by IWC suspension
02/02/2012 00:00,09/04/2015 00:00,Sousa teuszii,5245,SPECIES,ALL,ALL,ALL,ALL,ALL,,"No issuance of CITES import or export permits, or certificates for introduction from the sea for primarily commercial purposes for any specimen of a species or stock protected from commercial whaling by the IWC. See Schedule on http://cites.org/sites/default/files/common/notif/2012/E010A.pdf",Not a great whale so not covered by IWC suspension
02/02/2012 00:00,09/04/2015 00:00,Stenella attenuata,8989,SPECIES,ALL,ALL,ALL,ALL,ALL,,"No issuance of CITES import or export permits, or certificates for introduction from the sea for primarily commercial purposes for any specimen of a species or stock protected from commercial whaling by the IWC. See Schedule on http://cites.org/sites/default/files/common/notif/2012/E010A.pdf",Not a great whale so not covered by IWC suspension
02/02/2012 00:00,09/04/2015 00:00,Stenella clymene,11236,SPECIES,ALL,ALL,ALL,ALL,ALL,,"No issuance of CITES import or export permits, or certificates for introduction from the sea for primarily commercial purposes for any specimen of a species or stock protected from commercial whaling by the IWC. See Schedule on http://cites.org/sites/default/files/common/notif/2012/E010A.pdf",Not a great whale so not covered by IWC suspension
02/02/2012 00:00,09/04/2015 00:00,Stenella coeruleoalba,10064,SPECIES,ALL,ALL,ALL,ALL,ALL,,"No issuance of CITES import or export permits, or certificates for introduction from the sea for primarily commercial purposes for any specimen of a species or stock protected from commercial whaling by the IWC. See Schedule on http://cites.org/sites/default/files/common/notif/2012/E010A.pdf",Not a great whale so not covered by IWC suspension
02/02/2012 00:00,09/04/2015 00:00,Stenella frontalis,8215,SPECIES,ALL,ALL,ALL,ALL,ALL,,"No issuance of CITES import or export permits, or certificates for introduction from the sea for primarily commercial purposes for any specimen of a species or stock protected from commercial whaling by the IWC. See Schedule on http://cites.org/sites/default/files/common/notif/2012/E010A.pdf",Not a great whale so not covered by IWC suspension
02/02/2012 00:00,09/04/2015 00:00,Stenella longirostris,10191,SPECIES,ALL,ALL,ALL,ALL,ALL,,"No issuance of CITES import or export permits, or certificates for introduction from the sea for primarily commercial purposes for any specimen of a species or stock protected from commercial whaling by the IWC. See Schedule on http://cites.org/sites/default/files/common/notif/2012/E010A.pdf",Not a great whale so not covered by IWC suspension
02/02/2012 00:00,09/04/2015 00:00,Steno bredanensis,6629,SPECIES,ALL,ALL,ALL,ALL,ALL,,"No issuance of CITES import or export permits, or certificates for introduction from the sea for primarily commercial purposes for any specimen of a species or stock protected from commercial whaling by the IWC. See Schedule on http://cites.org/sites/default/files/common/notif/2012/E010A.pdf",Not a great whale so not covered by IWC suspension
02/02/2012 00:00,09/04/2015 00:00,Tasmacetus shepherdi,8310,SPECIES,ALL,ALL,ALL,ALL,ALL,,"No issuance of CITES import or export permits, or certificates for introduction from the sea for primarily commercial purposes for any specimen of a species or stock protected from commercial whaling by the IWC. See Schedule on http://cites.org/sites/default/files/common/notif/2012/E010A.pdf",Not a great whale so not covered by IWC suspension
02/02/2012 00:00,09/04/2015 00:00,Tursiops aduncus,4770,SPECIES,ALL,ALL,ALL,ALL,ALL,,"No issuance of CITES import or export permits, or certificates for introduction from the sea for primarily commercial purposes for any specimen of a species or stock protected from commercial whaling by the IWC. See Schedule on http://cites.org/sites/default/files/common/notif/2012/E010A.pdf",Not a great whale so not covered by IWC suspension
02/02/2012 00:00,09/04/2015 00:00,Tursiops australis,67922,SPECIES,ALL,ALL,ALL,ALL,ALL,,"No issuance of CITES import or export permits, or certificates for introduction from the sea for primarily commercial purposes for any specimen of a species or stock protected from commercial whaling by the IWC. See Schedule on http://cites.org/sites/default/files/common/notif/2012/E010A.pdf",Not a great whale so not covered by IWC suspension
02/02/2012 00:00,09/04/2015 00:00,Tursiops truncatus,7086,SPECIES,ALL,ALL,ALL,ALL,ALL,,"No issuance of CITES import or export permits, or certificates for introduction from the sea for primarily commercial purposes for any specimen of a species or stock protected from commercial whaling by the IWC. See Schedule on http://cites.org/sites/default/files/common/notif/2012/E010A.pdf",Not a great whale so not covered by IWC suspension
02/02/2012 00:00,09/04/2015 00:00,Ziphius cavirostris,5326,SPECIES,ALL,ALL,ALL,ALL,ALL,,"No issuance of CITES import or export permits, or certificates for introduction from the sea for primarily commercial purposes for any specimen of a species or stock protected from commercial whaling by the IWC. See Schedule on http://cites.org/sites/default/files/common/notif/2012/E010A.pdf",Not a great whale so not covered by IWC suspension
25/09/2012,02/05/2013,Calumma andringitraense,5734,SPECIES,MG,ALL,ALL,ALL,ALL,,"All exports, except <i>Calumma andringitraense, Calumma boettgeri, Calumma brevicorne, Calumma crypticum, Calumma fallax, Calumma gallus, Calumma gastrotaenia, Calumma glawi, Calumma globifer, Calumma guillaumeti, Calumma malthe, Calumma marojezense, Calumma nasutum, Calumma oshaughnessyi, Calumma parsonii, Calumma vencesi</i>",Fall under genus level suspension
25/09/2012,02/05/2013,Calumma boettgeri,3151,SPECIES,MG,ALL,ALL,ALL,ALL,,"All exports, except <i>Calumma andringitraense, Calumma boettgeri, Calumma brevicorne, Calumma crypticum, Calumma fallax, Calumma gallus, Calumma gastrotaenia, Calumma glawi, Calumma globifer, Calumma guillaumeti, Calumma malthe, Calumma marojezense, Calumma nasutum, Calumma oshaughnessyi, Calumma parsonii, Calumma vencesi</i>",Fall under genus level suspension
25/09/2012,02/05/2013,Calumma brevicorne,3411,SPECIES,MG,ALL,ALL,ALL,ALL,,"All exports, except <i>Calumma andringitraense, Calumma boettgeri, Calumma brevicorne, Calumma crypticum, Calumma fallax, Calumma gallus, Calumma gastrotaenia, Calumma glawi, Calumma globifer, Calumma guillaumeti, Calumma malthe, Calumma marojezense, Calumma nasutum, Calumma oshaughnessyi, Calumma parsonii, Calumma vencesi</i>",Fall under genus level suspension
25/09/2012,02/05/2013,Calumma crypticum,10706,SPECIES,MG,ALL,ALL,ALL,ALL,,"All exports, except <i>Calumma andringitraense, Calumma boettgeri, Calumma brevicorne, Calumma crypticum, Calumma fallax, Calumma gallus, Calumma gastrotaenia, Calumma glawi, Calumma globifer, Calumma guillaumeti, Calumma malthe, Calumma marojezense, Calumma nasutum, Calumma oshaughnessyi, Calumma parsonii, Calumma vencesi</i>",Fall under genus level suspension
25/09/2012,02/05/2013,Calumma fallax,6828,SPECIES,MG,ALL,ALL,ALL,ALL,,"All exports, except <i>Calumma andringitraense, Calumma boettgeri, Calumma brevicorne, Calumma crypticum, Calumma fallax, Calumma gallus, Calumma gastrotaenia, Calumma glawi, Calumma globifer, Calumma guillaumeti, Calumma malthe, Calumma marojezense, Calumma nasutum, Calumma oshaughnessyi, Calumma parsonii, Calumma vencesi</i>",Fall under genus level suspension
25/09/2012,02/05/2013,Calumma gallus,5858,SPECIES,MG,ALL,ALL,ALL,ALL,,"All exports, except <i>Calumma andringitraense, Calumma boettgeri, Calumma brevicorne, Calumma crypticum, Calumma fallax, Calumma gallus, Calumma gastrotaenia, Calumma glawi, Calumma globifer, Calumma guillaumeti, Calumma malthe, Calumma marojezense, Calumma nasutum, Calumma oshaughnessyi, Calumma parsonii, Calumma vencesi</i>",Fall under genus level suspension
25/09/2012,02/05/2013,Calumma gastrotaenia,4830,SPECIES,MG,ALL,ALL,ALL,ALL,,"All exports, except <i>Calumma andringitraense, Calumma boettgeri, Calumma brevicorne, Calumma crypticum, Calumma fallax, Calumma gallus, Calumma gastrotaenia, Calumma glawi, Calumma globifer, Calumma guillaumeti, Calumma malthe, Calumma marojezense, Calumma nasutum, Calumma oshaughnessyi, Calumma parsonii, Calumma vencesi</i>",Fall under genus level suspension
25/09/2012,02/05/2013,Calumma glawi,3078,SPECIES,MG,ALL,ALL,ALL,ALL,,"All exports, except <i>Calumma andringitraense, Calumma boettgeri, Calumma brevicorne, Calumma crypticum, Calumma fallax, Calumma gallus, Calumma gastrotaenia, Calumma glawi, Calumma globifer, Calumma guillaumeti, Calumma malthe, Calumma marojezense, Calumma nasutum, Calumma oshaughnessyi, Calumma parsonii, Calumma vencesi</i>",Fall under genus level suspension
25/09/2012,02/05/2013,Calumma globifer,9527,SPECIES,MG,ALL,ALL,ALL,ALL,,"All exports, except <i>Calumma andringitraense, Calumma boettgeri, Calumma brevicorne, Calumma crypticum, Calumma fallax, Calumma gallus, Calumma gastrotaenia, Calumma glawi, Calumma globifer, Calumma guillaumeti, Calumma malthe, Calumma marojezense, Calumma nasutum, Calumma oshaughnessyi, Calumma parsonii, Calumma vencesi</i>",Fall under genus level suspension
25/09/2012,02/05/2013,Calumma guillaumeti,3359,SPECIES,MG,ALL,ALL,ALL,ALL,,"All exports, except <i>Calumma andringitraense, Calumma boettgeri, Calumma brevicorne, Calumma crypticum, Calumma fallax, Calumma gallus, Calumma gastrotaenia, Calumma glawi, Calumma globifer, Calumma guillaumeti, Calumma malthe, Calumma marojezense, Calumma nasutum, Calumma oshaughnessyi, Calumma parsonii, Calumma vencesi</i>",Fall under genus level suspension
25/09/2012,02/05/2013,Calumma malthe,3362,SPECIES,MG,ALL,ALL,ALL,ALL,,"All exports, except <i>Calumma andringitraense, Calumma boettgeri, Calumma brevicorne, Calumma crypticum, Calumma fallax, Calumma gallus, Calumma gastrotaenia, Calumma glawi, Calumma globifer, Calumma guillaumeti, Calumma malthe, Calumma marojezense, Calumma nasutum, Calumma oshaughnessyi, Calumma parsonii, Calumma vencesi</i>",Fall under genus level suspension
25/09/2012,02/05/2013,Calumma marojezense,3686,SPECIES,MG,ALL,ALL,ALL,ALL,,"All exports, except <i>Calumma andringitraense, Calumma boettgeri, Calumma brevicorne, Calumma crypticum, Calumma fallax, Calumma gallus, Calumma gastrotaenia, Calumma glawi, Calumma globifer, Calumma guillaumeti, Calumma malthe, Calumma marojezense, Calumma nasutum, Calumma oshaughnessyi, Calumma parsonii, Calumma vencesi</i>",Fall under genus level suspension
25/09/2012,02/05/2013,Calumma nasutum,3604,SPECIES,MG,ALL,ALL,ALL,ALL,,"All exports, except <i>Calumma andringitraense, Calumma boettgeri, Calumma brevicorne, Calumma crypticum, Calumma fallax, Calumma gallus, Calumma gastrotaenia, Calumma glawi, Calumma globifer, Calumma guillaumeti, Calumma malthe, Calumma marojezense, Calumma nasutum, Calumma oshaughnessyi, Calumma parsonii, Calumma vencesi</i>",Fall under genus level suspension
25/09/2012,02/05/2013,Calumma oshaughnessyi,10503,SPECIES,MG,ALL,ALL,ALL,ALL,,"All exports, except <i>Calumma andringitraense, Calumma boettgeri, Calumma brevicorne, Calumma crypticum, Calumma fallax, Calumma gallus, Calumma gastrotaenia, Calumma glawi, Calumma globifer, Calumma guillaumeti, Calumma malthe, Calumma marojezense, Calumma nasutum, Calumma oshaughnessyi, Calumma parsonii, Calumma vencesi</i>",Fall under genus level suspension
25/09/2012,02/05/2013,Calumma parsonii,11228,SPECIES,MG,ALL,ALL,ALL,ALL,,"All exports, except <i>Calumma andringitraense, Calumma boettgeri, Calumma brevicorne, Calumma crypticum, Calumma fallax, Calumma gallus, Calumma gastrotaenia, Calumma glawi, Calumma globifer, Calumma guillaumeti, Calumma malthe, Calumma marojezense, Calumma nasutum, Calumma oshaughnessyi, Calumma parsonii, Calumma vencesi</i>",Fall under genus level suspension
25/09/2012,02/05/2013,Calumma vencesi,7304,SPECIES,MG,ALL,ALL,ALL,ALL,,"All exports, except <i>Calumma andringitraense, Calumma boettgeri, Calumma brevicorne, Calumma crypticum, Calumma fallax, Calumma gallus, Calumma gastrotaenia, Calumma glawi, Calumma globifer, Calumma guillaumeti, Calumma malthe, Calumma marojezense, Calumma nasutum, Calumma oshaughnessyi, Calumma parsonii, Calumma vencesi</i>",Fall under genus level suspension
25/09/2012,02/05/2013,Furcifer antimena,3390,SPECIES,MG,ALL,ALL,ALL,ALL,,"All exports, except <i>F. antimena, F. bifidus, F. campani, F. lateralis, F. minor, F. oustaleti, F. pardalis, F. petteri, F. rhinoceratus, F. verrucosus</i> and <i>F. willsii</i>.",Fall under genus level suspension
25/09/2012,02/05/2013,Furcifer bifidus,5493,SPECIES,MG,ALL,ALL,ALL,ALL,,"All exports, except <i>F. antimena, F. bifidus, F. campani, F. lateralis, F. minor, F. oustaleti, F. pardalis, F. petteri, F. rhinoceratus, F. verrucosus</i> and <i>F. willsii</i>.",Fall under genus level suspension
25/09/2012,02/05/2013,Furcifer campani,6377,SPECIES,MG,ALL,ALL,ALL,ALL,,"All exports, except <i>F. antimena, F. bifidus, F. campani, F. lateralis, F. minor, F. oustaleti, F. pardalis, F. petteri, F. rhinoceratus, F. verrucosus</i> and <i>F. willsii</i>.",Fall under genus level suspension
25/09/2012,02/05/2013,Furcifer lateralis,6242,SPECIES,MG,ALL,ALL,ALL,ALL,,"All exports, except <i>F. antimena, F. bifidus, F. campani, F. lateralis, F. minor, F. oustaleti, F. pardalis, F. petteri, F. rhinoceratus, F. verrucosus</i> and <i>F. willsii</i>.",Fall under genus level suspension
25/09/2012,02/05/2013,Furcifer minor,5707,SPECIES,MG,ALL,ALL,ALL,ALL,,"All exports, except <i>F. antimena, F. bifidus, F. campani, F. lateralis, F. minor, F. oustaleti, F. pardalis, F. petteri, F. rhinoceratus, F. verrucosus</i> and <i>F. willsii</i>.",Fall under genus level suspension
25/09/2012,02/05/2013,Furcifer oustaleti,7542,SPECIES,MG,ALL,ALL,ALL,ALL,,"All exports, except <i>F. antimena, F. bifidus, F. campani, F. lateralis, F. minor, F. oustaleti, F. pardalis, F. petteri, F. rhinoceratus, F. verrucosus</i> and <i>F. willsii</i>.",Fall under genus level suspension
25/09/2012,02/05/2013,Furcifer pardalis,3293,SPECIES,MG,ALL,ALL,ALL,ALL,,"All exports, except <i>F. antimena, F. bifidus, F. campani, F. lateralis, F. minor, F. oustaleti, F. pardalis, F. petteri, F. rhinoceratus, F. verrucosus</i> and <i>F. willsii</i>.",Fall under genus level suspension
25/09/2012,02/05/2013,Furcifer petteri,8011,SPECIES,MG,ALL,ALL,ALL,ALL,,"All exports, except <i>F. antimena, F. bifidus, F. campani, F. lateralis, F. minor, F. oustaleti, F. pardalis, F. petteri, F. rhinoceratus, F. verrucosus</i> and <i>F. willsii</i>.",Fall under genus level suspension
25/09/2012,02/05/2013,Furcifer rhinoceratus,5979,SPECIES,MG,ALL,ALL,ALL,ALL,,"All exports, except <i>F. antimena, F. bifidus, F. campani, F. lateralis, F. minor, F. oustaleti, F. pardalis, F. petteri, F. rhinoceratus, F. verrucosus</i> and <i>F. willsii</i>.",Fall under genus level suspension
25/09/2012,02/05/2013,Furcifer verrucosus,9004,SPECIES,MG,ALL,ALL,ALL,ALL,,"All exports, except <i>F. antimena, F. bifidus, F. campani, F. lateralis, F. minor, F. oustaleti, F. pardalis, F. petteri, F. rhinoceratus, F. verrucosus</i> and <i>F. willsii</i>.",Fall under genus level suspension
25/09/2012,02/05/2013,Furcifer willsii,5547,SPECIES,MG,ALL,ALL,ALL,ALL,,"All exports, except <i>F. antimena, F. bifidus, F. campani, F. lateralis, F. minor, F. oustaleti, F. pardalis, F. petteri, F. rhinoceratus, F. verrucosus</i> and <i>F. willsii</i>.",Fall under genus level suspension
25/09/2012,02/05/2013,Phelsuma grandis,9590,SPECIES,MG,ALL,ALL,ALL,ALL,,"All exports, except <i>P. grandis, P. kochi, P. laticauda, P. lineata, P. madagascariensis</i> and <i>P. quadriocellata</i>.",Fall under genus level suspension
25/09/2012,02/05/2013,Phelsuma kochi,3930,SPECIES,MG,ALL,ALL,ALL,ALL,,"All exports, except <i>P. grandis, P. kochi, P. laticauda, P. lineata, P. madagascariensis</i> and <i>P. quadriocellata</i>.",Fall under genus level suspension
25/09/2012,02/05/2013,Phelsuma laticauda,7052,SPECIES,MG,ALL,ALL,ALL,ALL,,"All exports, except <i>P. grandis, P. kochi, P. laticauda, P. lineata, P. madagascariensis</i> and <i>P. quadriocellata</i>.",Fall under genus level suspension
25/09/2012,02/05/2013,Phelsuma lineata,3477,SPECIES,MG,ALL,ALL,ALL,ALL,,"All exports, except <i>P. grandis, P. kochi, P. laticauda, P. lineata, P. madagascariensis</i> and <i>P. quadriocellata</i>.",Fall under genus level suspension
25/09/2012,02/05/2013,Phelsuma madagascariensis,8779,SPECIES,MG,ALL,ALL,ALL,ALL,,"All exports, except <i>P. grandis, P. kochi, P. laticauda, P. lineata, P. madagascariensis</i> and <i>P. quadriocellata</i>.",Fall under genus level suspension
25/09/2012,02/05/2013,Phelsuma quadriocellata,6940,SPECIES,MG,ALL,ALL,ALL,ALL,,"All exports, except <i>P. grandis, P. kochi, P. laticauda, P. lineata, P. madagascariensis</i> and <i>P. quadriocellata</i>.",Fall under genus level suspension
02/05/2013,12/08/2014,Calumma andringitraense,5734,SPECIES,MG,ALL,ALL,ALL,ALL,,"All exports, except <i>Calumma andringitraense, Calumma boettgeri, Calumma brevicorne, Calumma crypticum, Calumma fallax, Calumma gallus, Calumma gastrotaenia, Calumma glawi, Calumma globifer, Calumma guillaumeti, Calumma malthe, Calumma marojezense, Calumma nasutum, Calumma oshaughnessyi, Calumma parsonii, Calumma vencesi</i>",Fall under genus level suspension
02/05/2013,12/08/2014,Calumma boettgeri,3151,SPECIES,MG,ALL,ALL,ALL,ALL,,"All exports, except <i>Calumma andringitraense, Calumma boettgeri, Calumma brevicorne, Calumma crypticum, Calumma fallax, Calumma gallus, Calumma gastrotaenia, Calumma glawi, Calumma globifer, Calumma guillaumeti, Calumma malthe, Calumma marojezense, Calumma nasutum, Calumma oshaughnessyi, Calumma parsonii, Calumma vencesi</i>",Fall under genus level suspension
02/05/2013,12/08/2014,Calumma brevicorne,3411,SPECIES,MG,ALL,ALL,ALL,ALL,,"All exports, except <i>Calumma andringitraense, Calumma boettgeri, Calumma brevicorne, Calumma crypticum, Calumma fallax, Calumma gallus, Calumma gastrotaenia, Calumma glawi, Calumma globifer, Calumma guillaumeti, Calumma malthe, Calumma marojezense, Calumma nasutum, Calumma oshaughnessyi, Calumma parsonii, Calumma vencesi</i>",Fall under genus level suspension
02/05/2013,12/08/2014,Calumma crypticum,10706,SPECIES,MG,ALL,ALL,ALL,ALL,,"All exports, except <i>Calumma andringitraense, Calumma boettgeri, Calumma brevicorne, Calumma crypticum, Calumma fallax, Calumma gallus, Calumma gastrotaenia, Calumma glawi, Calumma globifer, Calumma guillaumeti, Calumma malthe, Calumma marojezense, Calumma nasutum, Calumma oshaughnessyi, Calumma parsonii, Calumma vencesi</i>",Fall under genus level suspension
02/05/2013,12/08/2014,Calumma fallax,6828,SPECIES,MG,ALL,ALL,ALL,ALL,,"All exports, except <i>Calumma andringitraense, Calumma boettgeri, Calumma brevicorne, Calumma crypticum, Calumma fallax, Calumma gallus, Calumma gastrotaenia, Calumma glawi, Calumma globifer, Calumma guillaumeti, Calumma malthe, Calumma marojezense, Calumma nasutum, Calumma oshaughnessyi, Calumma parsonii, Calumma vencesi</i>",Fall under genus level suspension
02/05/2013,12/08/2014,Calumma gallus,5858,SPECIES,MG,ALL,ALL,ALL,ALL,,"All exports, except <i>Calumma andringitraense, Calumma boettgeri, Calumma brevicorne, Calumma crypticum, Calumma fallax, Calumma gallus, Calumma gastrotaenia, Calumma glawi, Calumma globifer, Calumma guillaumeti, Calumma malthe, Calumma marojezense, Calumma nasutum, Calumma oshaughnessyi, Calumma parsonii, Calumma vencesi</i>",Fall under genus level suspension
02/05/2013,12/08/2014,Calumma gastrotaenia,4830,SPECIES,MG,ALL,ALL,ALL,ALL,,"All exports, except <i>Calumma andringitraense, Calumma boettgeri, Calumma brevicorne, Calumma crypticum, Calumma fallax, Calumma gallus, Calumma gastrotaenia, Calumma glawi, Calumma globifer, Calumma guillaumeti, Calumma malthe, Calumma marojezense, Calumma nasutum, Calumma oshaughnessyi, Calumma parsonii, Calumma vencesi</i>",Fall under genus level suspension
02/05/2013,12/08/2014,Calumma glawi,3078,SPECIES,MG,ALL,ALL,ALL,ALL,,"All exports, except <i>Calumma andringitraense, Calumma boettgeri, Calumma brevicorne, Calumma crypticum, Calumma fallax, Calumma gallus, Calumma gastrotaenia, Calumma glawi, Calumma globifer, Calumma guillaumeti, Calumma malthe, Calumma marojezense, Calumma nasutum, Calumma oshaughnessyi, Calumma parsonii, Calumma vencesi</i>",Fall under genus level suspension
02/05/2013,12/08/2014,Calumma globifer,9527,SPECIES,MG,ALL,ALL,ALL,ALL,,"All exports, except <i>Calumma andringitraense, Calumma boettgeri, Calumma brevicorne, Calumma crypticum, Calumma fallax, Calumma gallus, Calumma gastrotaenia, Calumma glawi, Calumma globifer, Calumma guillaumeti, Calumma malthe, Calumma marojezense, Calumma nasutum, Calumma oshaughnessyi, Calumma parsonii, Calumma vencesi</i>",Fall under genus level suspension
02/05/2013,12/08/2014,Calumma guillaumeti,3359,SPECIES,MG,ALL,ALL,ALL,ALL,,"All exports, except <i>Calumma andringitraense, Calumma boettgeri, Calumma brevicorne, Calumma crypticum, Calumma fallax, Calumma gallus, Calumma gastrotaenia, Calumma glawi, Calumma globifer, Calumma guillaumeti, Calumma malthe, Calumma marojezense, Calumma nasutum, Calumma oshaughnessyi, Calumma parsonii, Calumma vencesi</i>",Fall under genus level suspension
02/05/2013,12/08/2014,Calumma malthe,3362,SPECIES,MG,ALL,ALL,ALL,ALL,,"All exports, except <i>Calumma andringitraense, Calumma boettgeri, Calumma brevicorne, Calumma crypticum, Calumma fallax, Calumma gallus, Calumma gastrotaenia, Calumma glawi, Calumma globifer, Calumma guillaumeti, Calumma malthe, Calumma marojezense, Calumma nasutum, Calumma oshaughnessyi, Calumma parsonii, Calumma vencesi</i>",Fall under genus level suspension
02/05/2013,12/08/2014,Calumma marojezense,3686,SPECIES,MG,ALL,ALL,ALL,ALL,,"All exports, except <i>Calumma andringitraense, Calumma boettgeri, Calumma brevicorne, Calumma crypticum, Calumma fallax, Calumma gallus, Calumma gastrotaenia, Calumma glawi, Calumma globifer, Calumma guillaumeti, Calumma malthe, Calumma marojezense, Calumma nasutum, Calumma oshaughnessyi, Calumma parsonii, Calumma vencesi</i>",Fall under genus level suspension
02/05/2013,12/08/2014,Calumma nasutum,3604,SPECIES,MG,ALL,ALL,ALL,ALL,,"All exports, except <i>Calumma andringitraense, Calumma boettgeri, Calumma brevicorne, Calumma crypticum, Calumma fallax, Calumma gallus, Calumma gastrotaenia, Calumma glawi, Calumma globifer, Calumma guillaumeti, Calumma malthe, Calumma marojezense, Calumma nasutum, Calumma oshaughnessyi, Calumma parsonii, Calumma vencesi</i>",Fall under genus level suspension
02/05/2013,12/08/2014,Calumma oshaughnessyi,10503,SPECIES,MG,ALL,ALL,ALL,ALL,,"All exports, except <i>Calumma andringitraense, Calumma boettgeri, Calumma brevicorne, Calumma crypticum, Calumma fallax, Calumma gallus, Calumma gastrotaenia, Calumma glawi, Calumma globifer, Calumma guillaumeti, Calumma malthe, Calumma marojezense, Calumma nasutum, Calumma oshaughnessyi, Calumma parsonii, Calumma vencesi</i>",Fall under genus level suspension
02/05/2013,12/08/2014,Calumma parsonii,11228,SPECIES,MG,ALL,ALL,ALL,ALL,,"All exports, except <i>Calumma andringitraense, Calumma boettgeri, Calumma brevicorne, Calumma crypticum, Calumma fallax, Calumma gallus, Calumma gastrotaenia, Calumma glawi, Calumma globifer, Calumma guillaumeti, Calumma malthe, Calumma marojezense, Calumma nasutum, Calumma oshaughnessyi, Calumma parsonii, Calumma vencesi</i>",Fall under genus level suspension
02/05/2013,12/08/2014,Calumma vencesi,7304,SPECIES,MG,ALL,ALL,ALL,ALL,,"All exports, except <i>Calumma andringitraense, Calumma boettgeri, Calumma brevicorne, Calumma crypticum, Calumma fallax, Calumma gallus, Calumma gastrotaenia, Calumma glawi, Calumma globifer, Calumma guillaumeti, Calumma malthe, Calumma marojezense, Calumma nasutum, Calumma oshaughnessyi, Calumma parsonii, Calumma vencesi</i>",Fall under genus level suspension
02/05/2013,12/08/2014,Furcifer antimena,3390,SPECIES,MG,ALL,ALL,ALL,ALL,,"All exports, except <i>F. antimena, F. bifidus, F. campani, F. lateralis, F. minor, F. oustaleti, F. pardalis, F. petteri, F. rhinoceratus, F. verrucosus</i> and <i>F. willsii</i>.",Fall under genus level suspension
02/05/2013,12/08/2014,Furcifer bifidus,5493,SPECIES,MG,ALL,ALL,ALL,ALL,,"All exports, except <i>F. antimena, F. bifidus, F. campani, F. lateralis, F. minor, F. oustaleti, F. pardalis, F. petteri, F. rhinoceratus, F. verrucosus</i> and <i>F. willsii</i>.",Fall under genus level suspension
02/05/2013,12/08/2014,Furcifer campani,6377,SPECIES,MG,ALL,ALL,ALL,ALL,,"All exports, except <i>F. antimena, F. bifidus, F. campani, F. lateralis, F. minor, F. oustaleti, F. pardalis, F. petteri, F. rhinoceratus, F. verrucosus</i> and <i>F. willsii</i>.",Fall under genus level suspension
02/05/2013,12/08/2014,Furcifer lateralis,6242,SPECIES,MG,ALL,ALL,ALL,ALL,,"All exports, except <i>F. antimena, F. bifidus, F. campani, F. lateralis, F. minor, F. oustaleti, F. pardalis, F. petteri, F. rhinoceratus, F. verrucosus</i> and <i>F. willsii</i>.",Fall under genus level suspension
02/05/2013,12/08/2014,Furcifer minor,5707,SPECIES,MG,ALL,ALL,ALL,ALL,,"All exports, except <i>F. antimena, F. bifidus, F. campani, F. lateralis, F. minor, F. oustaleti, F. pardalis, F. petteri, F. rhinoceratus, F. verrucosus</i> and <i>F. willsii</i>.",Fall under genus level suspension
02/05/2013,12/08/2014,Furcifer oustaleti,7542,SPECIES,MG,ALL,ALL,ALL,ALL,,"All exports, except <i>F. antimena, F. bifidus, F. campani, F. lateralis, F. minor, F. oustaleti, F. pardalis, F. petteri, F. rhinoceratus, F. verrucosus</i> and <i>F. willsii</i>.",Fall under genus level suspension
02/05/2013,12/08/2014,Furcifer pardalis,3293,SPECIES,MG,ALL,ALL,ALL,ALL,,"All exports, except <i>F. antimena, F. bifidus, F. campani, F. lateralis, F. minor, F. oustaleti, F. pardalis, F. petteri, F. rhinoceratus, F. verrucosus</i> and <i>F. willsii</i>.",Fall under genus level suspension
02/05/2013,12/08/2014,Furcifer petteri,8011,SPECIES,MG,ALL,ALL,ALL,ALL,,"All exports, except <i>F. antimena, F. bifidus, F. campani, F. lateralis, F. minor, F. oustaleti, F. pardalis, F. petteri, F. rhinoceratus, F. verrucosus</i> and <i>F. willsii</i>.",Fall under genus level suspension
02/05/2013,12/08/2014,Furcifer rhinoceratus,5979,SPECIES,MG,ALL,ALL,ALL,ALL,,"All exports, except <i>F. antimena, F. bifidus, F. campani, F. lateralis, F. minor, F. oustaleti, F. pardalis, F. petteri, F. rhinoceratus, F. verrucosus</i> and <i>F. willsii</i>.",Fall under genus level suspension
02/05/2013,12/08/2014,Furcifer verrucosus,9004,SPECIES,MG,ALL,ALL,ALL,ALL,,"All exports, except <i>F. antimena, F. bifidus, F. campani, F. lateralis, F. minor, F. oustaleti, F. pardalis, F. petteri, F. rhinoceratus, F. verrucosus</i> and <i>F. willsii</i>.",Fall under genus level suspension
02/05/2013,12/08/2014,Furcifer willsii,5547,SPECIES,MG,ALL,ALL,ALL,ALL,,"All exports, except <i>F. antimena, F. bifidus, F. campani, F. lateralis, F. minor, F. oustaleti, F. pardalis, F. petteri, F. rhinoceratus, F. verrucosus</i> and <i>F. willsii</i>.",Fall under genus level suspension
02/05/2013,12/08/2014,Phelsuma grandis,9590,SPECIES,MG,ALL,ALL,ALL,ALL,,"All exports, except <i>P. grandis, P. kochi, P. laticauda, P. lineata, P. madagascariensis</i> and <i>P. quadriocellata</i>.",Fall under genus level suspension
02/05/2013,12/08/2014,Phelsuma kochi,3930,SPECIES,MG,ALL,ALL,ALL,ALL,,"All exports, except <i>P. grandis, P. kochi, P. laticauda, P. lineata, P. madagascariensis</i> and <i>P. quadriocellata</i>.",Fall under genus level suspension
02/05/2013,12/08/2014,Phelsuma laticauda,7052,SPECIES,MG,ALL,ALL,ALL,ALL,,"All exports, except <i>P. grandis, P. kochi, P. laticauda, P. lineata, P. madagascariensis</i> and <i>P. quadriocellata</i>.",Fall under genus level suspension
02/05/2013,12/08/2014,Phelsuma lineata,3477,SPECIES,MG,ALL,ALL,ALL,ALL,,"All exports, except <i>P. grandis, P. kochi, P. laticauda, P. lineata, P. madagascariensis</i> and <i>P. quadriocellata</i>.",Fall under genus level suspension
02/05/2013,12/08/2014,Phelsuma madagascariensis,8779,SPECIES,MG,ALL,ALL,ALL,ALL,,"All exports, except <i>P. grandis, P. kochi, P. laticauda, P. lineata, P. madagascariensis</i> and <i>P. quadriocellata</i>.",Fall under genus level suspension
02/05/2013,12/08/2014,Phelsuma quadriocellata,6940,SPECIES,MG,ALL,ALL,ALL,ALL,,"All exports, except <i>P. grandis, P. kochi, P. laticauda, P. lineata, P. madagascariensis</i> and <i>P. quadriocellata</i>.",Fall under genus level suspension
12/08/2014,26/11/2015,Calumma andringitraense,5734,SPECIES,MG,ALL,ALL,ALL,ALL,,"All exports, except <i>Calumma andringitraense, Calumma boettgeri, Calumma brevicorne, Calumma crypticum, Calumma fallax, Calumma gallus, Calumma gastrotaenia, Calumma glawi, Calumma globifer, Calumma guillaumeti, Calumma malthe, Calumma marojezense, Calumma nasutum, Calumma oshaughnessyi, Calumma parsonii, Calumma vencesi</i>",Fall under genus level suspension
12/08/2014,26/11/2015,Calumma boettgeri,3151,SPECIES,MG,ALL,ALL,ALL,ALL,,"All exports, except <i>Calumma andringitraense, Calumma boettgeri, Calumma brevicorne, Calumma crypticum, Calumma fallax, Calumma gallus, Calumma gastrotaenia, Calumma glawi, Calumma globifer, Calumma guillaumeti, Calumma malthe, Calumma marojezense, Calumma nasutum, Calumma oshaughnessyi, Calumma parsonii, Calumma vencesi</i>",Fall under genus level suspension
12/08/2014,26/11/2015,Calumma brevicorne,3411,SPECIES,MG,ALL,ALL,ALL,ALL,,"All exports, except <i>Calumma andringitraense, Calumma boettgeri, Calumma brevicorne, Calumma crypticum, Calumma fallax, Calumma gallus, Calumma gastrotaenia, Calumma glawi, Calumma globifer, Calumma guillaumeti, Calumma malthe, Calumma marojezense, Calumma nasutum, Calumma oshaughnessyi, Calumma parsonii, Calumma vencesi</i>",Fall under genus level suspension
12/08/2014,26/11/2015,Calumma crypticum,10706,SPECIES,MG,ALL,ALL,ALL,ALL,,"All exports, except <i>Calumma andringitraense, Calumma boettgeri, Calumma brevicorne, Calumma crypticum, Calumma fallax, Calumma gallus, Calumma gastrotaenia, Calumma glawi, Calumma globifer, Calumma guillaumeti, Calumma malthe, Calumma marojezense, Calumma nasutum, Calumma oshaughnessyi, Calumma parsonii, Calumma vencesi</i>",Fall under genus level suspension
12/08/2014,26/11/2015,Calumma fallax,6828,SPECIES,MG,ALL,ALL,ALL,ALL,,"All exports, except <i>Calumma andringitraense, Calumma boettgeri, Calumma brevicorne, Calumma crypticum, Calumma fallax, Calumma gallus, Calumma gastrotaenia, Calumma glawi, Calumma globifer, Calumma guillaumeti, Calumma malthe, Calumma marojezense, Calumma nasutum, Calumma oshaughnessyi, Calumma parsonii, Calumma vencesi</i>",Fall under genus level suspension
12/08/2014,26/11/2015,Calumma gallus,5858,SPECIES,MG,ALL,ALL,ALL,ALL,,"All exports, except <i>Calumma andringitraense, Calumma boettgeri, Calumma brevicorne, Calumma crypticum, Calumma fallax, Calumma gallus, Calumma gastrotaenia, Calumma glawi, Calumma globifer, Calumma guillaumeti, Calumma malthe, Calumma marojezense, Calumma nasutum, Calumma oshaughnessyi, Calumma parsonii, Calumma vencesi</i>",Fall under genus level suspension
12/08/2014,26/11/2015,Calumma gastrotaenia,4830,SPECIES,MG,ALL,ALL,ALL,ALL,,"All exports, except <i>Calumma andringitraense, Calumma boettgeri, Calumma brevicorne, Calumma crypticum, Calumma fallax, Calumma gallus, Calumma gastrotaenia, Calumma glawi, Calumma globifer, Calumma guillaumeti, Calumma malthe, Calumma marojezense, Calumma nasutum, Calumma oshaughnessyi, Calumma parsonii, Calumma vencesi</i>",Fall under genus level suspension
12/08/2014,26/11/2015,Calumma glawi,3078,SPECIES,MG,ALL,ALL,ALL,ALL,,"All exports, except <i>Calumma andringitraense, Calumma boettgeri, Calumma brevicorne, Calumma crypticum, Calumma fallax, Calumma gallus, Calumma gastrotaenia, Calumma glawi, Calumma globifer, Calumma guillaumeti, Calumma malthe, Calumma marojezense, Calumma nasutum, Calumma oshaughnessyi, Calumma parsonii, Calumma vencesi</i>",Fall under genus level suspension
12/08/2014,26/11/2015,Calumma globifer,9527,SPECIES,MG,ALL,ALL,ALL,ALL,,"All exports, except <i>Calumma andringitraense, Calumma boettgeri, Calumma brevicorne, Calumma crypticum, Calumma fallax, Calumma gallus, Calumma gastrotaenia, Calumma glawi, Calumma globifer, Calumma guillaumeti, Calumma malthe, Calumma marojezense, Calumma nasutum, Calumma oshaughnessyi, Calumma parsonii, Calumma vencesi</i>",Fall under genus level suspension
12/08/2014,26/11/2015,Calumma guillaumeti,3359,SPECIES,MG,ALL,ALL,ALL,ALL,,"All exports, except <i>Calumma andringitraense, Calumma boettgeri, Calumma brevicorne, Calumma crypticum, Calumma fallax, Calumma gallus, Calumma gastrotaenia, Calumma glawi, Calumma globifer, Calumma guillaumeti, Calumma malthe, Calumma marojezense, Calumma nasutum, Calumma oshaughnessyi, Calumma parsonii, Calumma vencesi</i>",Fall under genus level suspension
12/08/2014,26/11/2015,Calumma malthe,3362,SPECIES,MG,ALL,ALL,ALL,ALL,,"All exports, except <i>Calumma andringitraense, Calumma boettgeri, Calumma brevicorne, Calumma crypticum, Calumma fallax, Calumma gallus, Calumma gastrotaenia, Calumma glawi, Calumma globifer, Calumma guillaumeti, Calumma malthe, Calumma marojezense, Calumma nasutum, Calumma oshaughnessyi, Calumma parsonii, Calumma vencesi</i>",Fall under genus level suspension
12/08/2014,26/11/2015,Calumma marojezense,3686,SPECIES,MG,ALL,ALL,ALL,ALL,,"All exports, except <i>Calumma andringitraense, Calumma boettgeri, Calumma brevicorne, Calumma crypticum, Calumma fallax, Calumma gallus, Calumma gastrotaenia, Calumma glawi, Calumma globifer, Calumma guillaumeti, Calumma malthe, Calumma marojezense, Calumma nasutum, Calumma oshaughnessyi, Calumma parsonii, Calumma vencesi</i>",Fall under genus level suspension
12/08/2014,26/11/2015,Calumma nasutum,3604,SPECIES,MG,ALL,ALL,ALL,ALL,,"All exports, except <i>Calumma andringitraense, Calumma boettgeri, Calumma brevicorne, Calumma crypticum, Calumma fallax, Calumma gallus, Calumma gastrotaenia, Calumma glawi, Calumma globifer, Calumma guillaumeti, Calumma malthe, Calumma marojezense, Calumma nasutum, Calumma oshaughnessyi, Calumma parsonii, Calumma vencesi</i>",Fall under genus level suspension
12/08/2014,26/11/2015,Calumma oshaughnessyi,10503,SPECIES,MG,ALL,ALL,ALL,ALL,,"All exports, except <i>Calumma andringitraense, Calumma boettgeri, Calumma brevicorne, Calumma crypticum, Calumma fallax, Calumma gallus, Calumma gastrotaenia, Calumma glawi, Calumma globifer, Calumma guillaumeti, Calumma malthe, Calumma marojezense, Calumma nasutum, Calumma oshaughnessyi, Calumma parsonii, Calumma vencesi</i>",Fall under genus level suspension
12/08/2014,26/11/2015,Calumma parsonii,11228,SPECIES,MG,ALL,ALL,ALL,ALL,,"All exports, except <i>Calumma andringitraense, Calumma boettgeri, Calumma brevicorne, Calumma crypticum, Calumma fallax, Calumma gallus, Calumma gastrotaenia, Calumma glawi, Calumma globifer, Calumma guillaumeti, Calumma malthe, Calumma marojezense, Calumma nasutum, Calumma oshaughnessyi, Calumma parsonii, Calumma vencesi</i>",Fall under genus level suspension
12/08/2014,26/11/2015,Calumma vencesi,7304,SPECIES,MG,ALL,ALL,ALL,ALL,,"All exports, except <i>Calumma andringitraense, Calumma boettgeri, Calumma brevicorne, Calumma crypticum, Calumma fallax, Calumma gallus, Calumma gastrotaenia, Calumma glawi, Calumma globifer, Calumma guillaumeti, Calumma malthe, Calumma marojezense, Calumma nasutum, Calumma oshaughnessyi, Calumma parsonii, Calumma vencesi</i>",Fall under genus level suspension
12/08/2014,26/11/2015,Furcifer antimena,3390,SPECIES,MG,ALL,ALL,ALL,ALL,,"All exports, except <i>F. antimena, F. bifidus, 
F. campani, F. lateralis, F. minor, F. oustaleti, F. pardalis, F. petteri, F. rhinoceratus, F. verrucosus</i> and <i>F. willsii</i>.",Fall under genus level suspension
12/08/2014,26/11/2015,Furcifer bifidus,5493,SPECIES,MG,ALL,ALL,ALL,ALL,,"All exports, except <i>F. antimena, F. bifidus, 
F. campani, F. lateralis, F. minor, F. oustaleti, F. pardalis, F. petteri, F. rhinoceratus, F. verrucosus</i> and <i>F. willsii</i>.",Fall under genus level suspension
12/08/2014,26/11/2015,Furcifer campani,6377,SPECIES,MG,ALL,ALL,ALL,ALL,,"All exports, except <i>F. antimena, F. bifidus, 
F. campani, F. lateralis, F. minor, F. oustaleti, F. pardalis, F. petteri, F. rhinoceratus, F. verrucosus</i> and <i>F. willsii</i>.",Fall under genus level suspension
12/08/2014,26/11/2015,Furcifer lateralis,6242,SPECIES,MG,ALL,ALL,ALL,ALL,,"All exports, except <i>F. antimena, F. bifidus, 
F. campani, F. lateralis, F. minor, F. oustaleti, F. pardalis, F. petteri, F. rhinoceratus, F. verrucosus</i> and <i>F. willsii</i>.",Fall under genus level suspension
12/08/2014,26/11/2015,Furcifer minor,5707,SPECIES,MG,ALL,ALL,ALL,ALL,,"All exports, except <i>F. antimena, F. bifidus, 
F. campani, F. lateralis, F. minor, F. oustaleti, F. pardalis, F. petteri, F. rhinoceratus, F. verrucosus</i> and <i>F. willsii</i>.",Fall under genus level suspension
12/08/2014,26/11/2015,Furcifer oustaleti,7542,SPECIES,MG,ALL,ALL,ALL,ALL,,"All exports, except <i>F. antimena, F. bifidus, 
F. campani, F. lateralis, F. minor, F. oustaleti, F. pardalis, F. petteri, F. rhinoceratus, F. verrucosus</i> and <i>F. willsii</i>.",Fall under genus level suspension
12/08/2014,26/11/2015,Furcifer pardalis,3293,SPECIES,MG,ALL,ALL,ALL,ALL,,"All exports, except <i>F. antimena, F. bifidus, 
F. campani, F. lateralis, F. minor, F. oustaleti, F. pardalis, F. petteri, F. rhinoceratus, F. verrucosus</i> and <i>F. willsii</i>.",Fall under genus level suspension
12/08/2014,26/11/2015,Furcifer petteri,8011,SPECIES,MG,ALL,ALL,ALL,ALL,,"All exports, except <i>F. antimena, F. bifidus, 
F. campani, F. lateralis, F. minor, F. oustaleti, F. pardalis, F. petteri, F. rhinoceratus, F. verrucosus</i> and <i>F. willsii</i>.",Fall under genus level suspension
12/08/2014,26/11/2015,Furcifer rhinoceratus,5979,SPECIES,MG,ALL,ALL,ALL,ALL,,"All exports, except <i>F. antimena, F. bifidus, 
F. campani, F. lateralis, F. minor, F. oustaleti, F. pardalis, F. petteri, F. rhinoceratus, F. verrucosus</i> and <i>F. willsii</i>.",Fall under genus level suspension
12/08/2014,26/11/2015,Furcifer verrucosus,9004,SPECIES,MG,ALL,ALL,ALL,ALL,,"All exports, except <i>F. antimena, F. bifidus, 
F. campani, F. lateralis, F. minor, F. oustaleti, F. pardalis, F. petteri, F. rhinoceratus, F. verrucosus</i> and <i>F. willsii</i>.",Fall under genus level suspension
12/08/2014,26/11/2015,Furcifer willsii,5547,SPECIES,MG,ALL,ALL,ALL,ALL,,"All exports, except <i>F. antimena, F. bifidus, 
F. campani, F. lateralis, F. minor, F. oustaleti, F. pardalis, F. petteri, F. rhinoceratus, F. verrucosus</i> and <i>F. willsii</i>.",Fall under genus level suspension
12/08/2014,26/11/2015,Phelsuma grandis,9590,SPECIES,MG,ALL,ALL,ALL,ALL,,"All exports, except <i>P. grandis, P. kochi, P. laticauda, P. lineata, P. madagascariensis</i> and <i>P. quadriocellata</i>.",Fall under genus level suspension
12/08/2014,26/11/2015,Phelsuma kochi,3930,SPECIES,MG,ALL,ALL,ALL,ALL,,"All exports, except <i>P. grandis, P. kochi, P. laticauda, P. lineata, P. madagascariensis</i> and <i>P. quadriocellata</i>.",Fall under genus level suspension
12/08/2014,26/11/2015,Phelsuma laticauda,7052,SPECIES,MG,ALL,ALL,ALL,ALL,,"All exports, except <i>P. grandis, P. kochi, P. laticauda, P. lineata, P. madagascariensis</i> and <i>P. quadriocellata</i>.",Fall under genus level suspension
12/08/2014,26/11/2015,Phelsuma lineata,3477,SPECIES,MG,ALL,ALL,ALL,ALL,,"All exports, except <i>P. grandis, P. kochi, P. laticauda, P. lineata, P. madagascariensis</i> and <i>P. quadriocellata</i>.",Fall under genus level suspension
12/08/2014,26/11/2015,Phelsuma madagascariensis,8779,SPECIES,MG,ALL,ALL,ALL,ALL,,"All exports, except <i>P. grandis, P. kochi, P. laticauda, P. lineata, P. madagascariensis</i> and <i>P. quadriocellata</i>.",Fall under genus level suspension
12/08/2014,26/11/2015,Phelsuma quadriocellata,6940,SPECIES,MG,ALL,ALL,ALL,ALL,,"All exports, except <i>P. grandis, P. kochi, P. laticauda, P. lineata, P. madagascariensis</i> and <i>P. quadriocellata</i>.",Fall under genus level suspension
19/03/2015,15/04/2015,ALL,ALL,ALL,CD,ALL,ALL,ALL,Z; G; Q; S; H; P; M; E; N; B; L,,All commercial trade in specimens of CITES-listed species. ,Country-level suspension for T
19/03/2015,15/09/2015,ALL,ALL,ALL,LA,ALL,ALL,ALL,Z; G; Q; S; H; P; M; E; N; B; L,,All commercial trade in specimens of CITES-listed species. ,Country-level suspension for T
19/03/2015,11/02/2016,ALL,ALL,ALL,NG,ALL,ALL,ALL,Z; G; Q; S; H; P; M; E; N; B; L,,All commercial trade in specimens of CITES-listed species. ,Country-level suspension for T
26/11/2015,16/03/2016,Calumma andringitraense,5734,SPECIES,MG,ALL,ALL,ALL,ALL,,"All exports, except <i>Calumma andringitraense, Calumma boettgeri, Calumma brevicorne, Calumma crypticum, Calumma fallax, Calumma gallus, Calumma gastrotaenia, Calumma glawi, Calumma globifer, Calumma guillaumeti, Calumma malthe, Calumma marojezense, Calumma nasutum, Calumma oshaughnessyi, Calumma parsonii, Calumma vencesi</i>",Fall under genus level suspension
26/11/2015,16/03/2016,Calumma boettgeri,3151,SPECIES,MG,ALL,ALL,ALL,ALL,,"All exports, except <i>Calumma andringitraense, Calumma boettgeri, Calumma brevicorne, Calumma crypticum, Calumma fallax, Calumma gallus, Calumma gastrotaenia, Calumma glawi, Calumma globifer, Calumma guillaumeti, Calumma malthe, Calumma marojezense, Calumma nasutum, Calumma oshaughnessyi, Calumma parsonii, Calumma vencesi</i>",Fall under genus level suspension
26/11/2015,16/03/2016,Calumma brevicorne,3411,SPECIES,MG,ALL,ALL,ALL,ALL,,"All exports, except <i>Calumma andringitraense, Calumma boettgeri, Calumma brevicorne, Calumma crypticum, Calumma fallax, Calumma gallus, Calumma gastrotaenia, Calumma glawi, Calumma globifer, Calumma guillaumeti, Calumma malthe, Calumma marojezense, Calumma nasutum, Calumma oshaughnessyi, Calumma parsonii, Calumma vencesi</i>",Fall under genus level suspension
26/11/2015,16/03/2016,Calumma crypticum,10706,SPECIES,MG,ALL,ALL,ALL,ALL,,"All exports, except <i>Calumma andringitraense, Calumma boettgeri, Calumma brevicorne, Calumma crypticum, Calumma fallax, Calumma gallus, Calumma gastrotaenia, Calumma glawi, Calumma globifer, Calumma guillaumeti, Calumma malthe, Calumma marojezense, Calumma nasutum, Calumma oshaughnessyi, Calumma parsonii, Calumma vencesi</i>",Fall under genus level suspension
26/11/2015,16/03/2016,Calumma fallax,6828,SPECIES,MG,ALL,ALL,ALL,ALL,,"All exports, except <i>Calumma andringitraense, Calumma boettgeri, Calumma brevicorne, Calumma crypticum, Calumma fallax, Calumma gallus, Calumma gastrotaenia, Calumma glawi, Calumma globifer, Calumma guillaumeti, Calumma malthe, Calumma marojezense, Calumma nasutum, Calumma oshaughnessyi, Calumma parsonii, Calumma vencesi</i>",Fall under genus level suspension
26/11/2015,16/03/2016,Calumma gallus,5858,SPECIES,MG,ALL,ALL,ALL,ALL,,"All exports, except <i>Calumma andringitraense, Calumma boettgeri, Calumma brevicorne, Calumma crypticum, Calumma fallax, Calumma gallus, Calumma gastrotaenia, Calumma glawi, Calumma globifer, Calumma guillaumeti, Calumma malthe, Calumma marojezense, Calumma nasutum, Calumma oshaughnessyi, Calumma parsonii, Calumma vencesi</i>",Fall under genus level suspension
26/11/2015,16/03/2016,Calumma gastrotaenia,4830,SPECIES,MG,ALL,ALL,ALL,ALL,,"All exports, except <i>Calumma andringitraense, Calumma boettgeri, Calumma brevicorne, Calumma crypticum, Calumma fallax, Calumma gallus, Calumma gastrotaenia, Calumma glawi, Calumma globifer, Calumma guillaumeti, Calumma malthe, Calumma marojezense, Calumma nasutum, Calumma oshaughnessyi, Calumma parsonii, Calumma vencesi</i>",Fall under genus level suspension
26/11/2015,16/03/2016,Calumma glawi,3078,SPECIES,MG,ALL,ALL,ALL,ALL,,"All exports, except <i>Calumma andringitraense, Calumma boettgeri, Calumma brevicorne, Calumma crypticum, Calumma fallax, Calumma gallus, Calumma gastrotaenia, Calumma glawi, Calumma globifer, Calumma guillaumeti, Calumma malthe, Calumma marojezense, Calumma nasutum, Calumma oshaughnessyi, Calumma parsonii, Calumma vencesi</i>",Fall under genus level suspension
26/11/2015,16/03/2016,Calumma globifer,9527,SPECIES,MG,ALL,ALL,ALL,ALL,,"All exports, except <i>Calumma andringitraense, Calumma boettgeri, Calumma brevicorne, Calumma crypticum, Calumma fallax, Calumma gallus, Calumma gastrotaenia, Calumma glawi, Calumma globifer, Calumma guillaumeti, Calumma malthe, Calumma marojezense, Calumma nasutum, Calumma oshaughnessyi, Calumma parsonii, Calumma vencesi</i>",Fall under genus level suspension
26/11/2015,16/03/2016,Calumma guillaumeti,3359,SPECIES,MG,ALL,ALL,ALL,ALL,,"All exports, except <i>Calumma andringitraense, Calumma boettgeri, Calumma brevicorne, Calumma crypticum, Calumma fallax, Calumma gallus, Calumma gastrotaenia, Calumma glawi, Calumma globifer, Calumma guillaumeti, Calumma malthe, Calumma marojezense, Calumma nasutum, Calumma oshaughnessyi, Calumma parsonii, Calumma vencesi</i>",Fall under genus level suspension
26/11/2015,16/03/2016,Calumma malthe,3362,SPECIES,MG,ALL,ALL,ALL,ALL,,"All exports, except <i>Calumma andringitraense, Calumma boettgeri, Calumma brevicorne, Calumma crypticum, Calumma fallax, Calumma gallus, Calumma gastrotaenia, Calumma glawi, Calumma globifer, Calumma guillaumeti, Calumma malthe, Calumma marojezense, Calumma nasutum, Calumma oshaughnessyi, Calumma parsonii, Calumma vencesi</i>",Fall under genus level suspension
26/11/2015,16/03/2016,Calumma marojezense,3686,SPECIES,MG,ALL,ALL,ALL,ALL,,"All exports, except <i>Calumma andringitraense, Calumma boettgeri, Calumma brevicorne, Calumma crypticum, Calumma fallax, Calumma gallus, Calumma gastrotaenia, Calumma glawi, Calumma globifer, Calumma guillaumeti, Calumma malthe, Calumma marojezense, Calumma nasutum, Calumma oshaughnessyi, Calumma parsonii, Calumma vencesi</i>",Fall under genus level suspension
26/11/2015,16/03/2016,Calumma nasutum,3604,SPECIES,MG,ALL,ALL,ALL,ALL,,"All exports, except <i>Calumma andringitraense, Calumma boettgeri, Calumma brevicorne, Calumma crypticum, Calumma fallax, Calumma gallus, Calumma gastrotaenia, Calumma glawi, Calumma globifer, Calumma guillaumeti, Calumma malthe, Calumma marojezense, Calumma nasutum, Calumma oshaughnessyi, Calumma parsonii, Calumma vencesi</i>",Fall under genus level suspension
26/11/2015,16/03/2016,Calumma oshaughnessyi,10503,SPECIES,MG,ALL,ALL,ALL,ALL,,"All exports, except <i>Calumma andringitraense, Calumma boettgeri, Calumma brevicorne, Calumma crypticum, Calumma fallax, Calumma gallus, Calumma gastrotaenia, Calumma glawi, Calumma globifer, Calumma guillaumeti, Calumma malthe, Calumma marojezense, Calumma nasutum, Calumma oshaughnessyi, Calumma parsonii, Calumma vencesi</i>",Fall under genus level suspension
26/11/2015,16/03/2016,Calumma parsonii,11228,SPECIES,MG,ALL,ALL,ALL,ALL,,"All exports, except <i>Calumma andringitraense, Calumma boettgeri, Calumma brevicorne, Calumma crypticum, Calumma fallax, Calumma gallus, Calumma gastrotaenia, Calumma glawi, Calumma globifer, Calumma guillaumeti, Calumma malthe, Calumma marojezense, Calumma nasutum, Calumma oshaughnessyi, Calumma parsonii, Calumma vencesi</i>",Fall under genus level suspension
26/11/2015,16/03/2016,Calumma vencesi,7304,SPECIES,MG,ALL,ALL,ALL,ALL,,"All exports, except <i>Calumma andringitraense, Calumma boettgeri, Calumma brevicorne, Calumma crypticum, Calumma fallax, Calumma gallus, Calumma gastrotaenia, Calumma glawi, Calumma globifer, Calumma guillaumeti, Calumma malthe, Calumma marojezense, Calumma nasutum, Calumma oshaughnessyi, Calumma parsonii, Calumma vencesi</i>",Fall under genus level suspension
26/11/2015,16/03/2016,Furcifer antimena,3390,SPECIES,MG,ALL,ALL,ALL,ALL,,"All exports, except <i>F. antimena, F. bifidus, 
F. campani, F. lateralis, F. minor, F. oustaleti, F. pardalis, F. petteri, F. rhinoceratus, F. verrucosus</i> and <i>F. willsii</i>.",Fall under genus level suspension
26/11/2015,16/03/2016,Furcifer bifidus,5493,SPECIES,MG,ALL,ALL,ALL,ALL,,"All exports, except <i>F. antimena, F. bifidus, 
F. campani, F. lateralis, F. minor, F. oustaleti, F. pardalis, F. petteri, F. rhinoceratus, F. verrucosus</i> and <i>F. willsii</i>.",Fall under genus level suspension
26/11/2015,16/03/2016,Furcifer campani,6377,SPECIES,MG,ALL,ALL,ALL,ALL,,"All exports, except <i>F. antimena, F. bifidus, 
F. campani, F. lateralis, F. minor, F. oustaleti, F. pardalis, F. petteri, F. rhinoceratus, F. verrucosus</i> and <i>F. willsii</i>.",Fall under genus level suspension
26/11/2015,16/03/2016,Furcifer lateralis,6242,SPECIES,MG,ALL,ALL,ALL,ALL,,"All exports, except <i>F. antimena, F. bifidus, 
F. campani, F. lateralis, F. minor, F. oustaleti, F. pardalis, F. petteri, F. rhinoceratus, F. verrucosus</i> and <i>F. willsii</i>.",Fall under genus level suspension
26/11/2015,16/03/2016,Furcifer minor,5707,SPECIES,MG,ALL,ALL,ALL,ALL,,"All exports, except <i>F. antimena, F. bifidus, 
F. campani, F. lateralis, F. minor, F. oustaleti, F. pardalis, F. petteri, F. rhinoceratus, F. verrucosus</i> and <i>F. willsii</i>.",Fall under genus level suspension
26/11/2015,16/03/2016,Furcifer oustaleti,7542,SPECIES,MG,ALL,ALL,ALL,ALL,,"All exports, except <i>F. antimena, F. bifidus, 
F. campani, F. lateralis, F. minor, F. oustaleti, F. pardalis, F. petteri, F. rhinoceratus, F. verrucosus</i> and <i>F. willsii</i>.",Fall under genus level suspension
26/11/2015,16/03/2016,Furcifer pardalis,3293,SPECIES,MG,ALL,ALL,ALL,ALL,,"All exports, except <i>F. antimena, F. bifidus, 
F. campani, F. lateralis, F. minor, F. oustaleti, F. pardalis, F. petteri, F. rhinoceratus, F. verrucosus</i> and <i>F. willsii</i>.",Fall under genus level suspension
26/11/2015,16/03/2016,Furcifer petteri,8011,SPECIES,MG,ALL,ALL,ALL,ALL,,"All exports, except <i>F. antimena, F. bifidus, 
F. campani, F. lateralis, F. minor, F. oustaleti, F. pardalis, F. petteri, F. rhinoceratus, F. verrucosus</i> and <i>F. willsii</i>.",Fall under genus level suspension
26/11/2015,16/03/2016,Furcifer rhinoceratus,5979,SPECIES,MG,ALL,ALL,ALL,ALL,,"All exports, except <i>F. antimena, F. bifidus, 
F. campani, F. lateralis, F. minor, F. oustaleti, F. pardalis, F. petteri, F. rhinoceratus, F. verrucosus</i> and <i>F. willsii</i>.",Fall under genus level suspension
26/11/2015,16/03/2016,Furcifer verrucosus,9004,SPECIES,MG,ALL,ALL,ALL,ALL,,"All exports, except <i>F. antimena, F. bifidus, 
F. campani, F. lateralis, F. minor, F. oustaleti, F. pardalis, F. petteri, F. rhinoceratus, F. verrucosus</i> and <i>F. willsii</i>.",Fall under genus level suspension
26/11/2015,16/03/2016,Furcifer willsii,5547,SPECIES,MG,ALL,ALL,ALL,ALL,,"All exports, except <i>F. antimena, F. bifidus, 
F. campani, F. lateralis, F. minor, F. oustaleti, F. pardalis, F. petteri, F. rhinoceratus, F. verrucosus</i> and <i>F. willsii</i>.",Fall under genus level suspension
26/11/2015,16/03/2016,Phelsuma grandis,9590,SPECIES,MG,ALL,ALL,ALL,ALL,,"All exports, except <i>P. grandis, P. kochi, P. laticauda, P. lineata, P. madagascariensis</i> and <i>P. quadriocellata</i>.",Fall under genus level suspension
26/11/2015,16/03/2016,Phelsuma kochi,3930,SPECIES,MG,ALL,ALL,ALL,ALL,,"All exports, except <i>P. grandis, P. kochi, P. laticauda, P. lineata, P. madagascariensis</i> and <i>P. quadriocellata</i>.",Fall under genus level suspension
26/11/2015,16/03/2016,Phelsuma laticauda,7052,SPECIES,MG,ALL,ALL,ALL,ALL,,"All exports, except <i>P. grandis, P. kochi, P. laticauda, P. lineata, P. madagascariensis</i> and <i>P. quadriocellata</i>.",Fall under genus level suspension
26/11/2015,16/03/2016,Phelsuma lineata,3477,SPECIES,MG,ALL,ALL,ALL,ALL,,"All exports, except <i>P. grandis, P. kochi, P. laticauda, P. lineata, P. madagascariensis</i> and <i>P. quadriocellata</i>.",Fall under genus level suspension
26/11/2015,16/03/2016,Phelsuma madagascariensis,8779,SPECIES,MG,ALL,ALL,ALL,ALL,,"All exports, except <i>P. grandis, P. kochi, P. laticauda, P. lineata, P. madagascariensis</i> and <i>P. quadriocellata</i>.",Fall under genus level suspension
26/11/2015,16/03/2016,Phelsuma quadriocellata,6940,SPECIES,MG,ALL,ALL,ALL,ALL,,"All exports, except <i>P. grandis, P. kochi, P. laticauda, P. lineata, P. madagascariensis</i> and <i>P. quadriocellata</i>.",Fall under genus level suspension
11/02/2016,21/03/2016,ALL,ALL,ALL,AO,ALL,ALL,ALL,Z; G; Q; S; H; P; M; E; N; B; L,,All commercial trade in specimens of CITES-listed species.,Country-level suspension for T
11/02/2016,21/03/2016,ALL,ALL,ALL,LA,ALL,ALL,ALL,Z; G; Q; S; H; P; M; E; N; B; L,,All commercial trade in specimens of CITES-listed species.,Country-level suspension for T
15/03/2016,22/01/2018,ALL,ALL,ALL,GW,ALL,ALL,ALL,Z; G; Q; S; H; P; M; E; N; B; L,,All commercial trade in specimens of CITES-listed species.,Country-level suspension for T
15/03/2016,22/01/2018,ALL,ALL,ALL,LR,ALL,ALL,ALL,Z; G; Q; S; H; P; M; E; N; B; L,,All commercial trade in specimens of CITES-listed species.,Country-level suspension for T
22/01/2018,,ALL,ALL,ALL,LR,ALL,ALL,ALL,Z; G; Q; S; H; P; M; E; N; B; L,,All commercial trade in specimens of CITES-listed species.,Country-level suspension for T
26/03/2018,,ALL,ALL,ALL,IN,ALL,ALL,A; C; D; F; I; O; R; U; X,Z; G; Q; S; H; P; M; E; N; B; L,,"The Government of India has banned the export for commercial purposes of all wild-taken specimens of species included in Appendices I, II and III, except cultivated varieties of plant species included in Appendices I and II accompanied by a CITES Comparable Certificate issued by the competent authorities of India. 
Wood and wood products in the form of logs, timber, stumps, roots, bark, chips, powder, flakes, dust and charcoal produced from wild-sourced <i>Dalbergia sissoo</i> and <i>Dalbergia latifolia</i> are not exempt.",Country-level suspension for T & W
01/11/2018,,Psittacus erithacus,9644,SPECIES,CD,ALL,ALL,A; C; D; F; I; O; R; U; X,ALL,,Suspension of commercial and non-commercial trade in specimens of <i>Psittacus erithacus</i> of wild origin from the Democratic Republic of Congo,Suspension for W only
01/11/2018,,Dalbergia,12737,GENUS,LA,ALL,ALL,ALL,Z; G; Q; S; H; P; M; E; N; B; L,,"Suspension of commercial trade in specimens of the genus Dalbergia spp., including finished products, such as carvings and furniture.",Suspension for commercial only
01/11/2018,,Pterocarpus erinaceus,67733,SPECIES,NG,ALL,ALL,ALL,Z; G; Q; S; H; P; M; E; N; B; L,,Suspension of commercial trade in specimens,Suspension for commercial only
19/12/2019,,ALL,ALL,ALL,GN,ALL,ALL,ALL,Z; G; Q; S; H; P; M; E; N; B; L,,All commercial trade.,Country-level suspension for T
