taxon_concept_id,Rank,GEO_entity,ISO Code 2,Reference IDs,Designation,Reference
21568,SPECIES,COUNTRY,YE,13784,CITES_EU,
28380,SPECIES,COUNTRY,ZW,13784,CITES_EU,
19601,SPECIES,COUNTRY,ET,13784,CITES_EU,
26262,SPECIES,COUNTRY,ZA,13784,CITES_EU,
14645,SPECIES,COUNTRY,SO,13784,CITES_EU,
29527,SPECIES,COUNTRY,KE,13784,CITES_EU,
24265,SPECIES,COUNTRY,AO,13784,CITES_EU,
19415,SPECIES,COUNTRY,MW,13784,CITES_EU,
19415,SPECIES,COUNTRY,MZ,13784,CITES_EU,
19415,SPECIES,COUNTRY,ZA,13784,CITES_EU,
19415,SPECIES,COUNTRY,ZW,13784,CITES_EU,
18814,SPECIES,COUNTRY,NA,13784,CITES_EU,
19936,SPECIES,COUNTRY,NA,13784,CITES_EU,
26783,SPECIES,COUNTRY,SO,13784,CITES_EU,
23989,SPECIES,COUNTRY,SO,13784,CITES_EU,
26181,SPECIES,COUNTRY,ZA,13784,CITES_EU,
26548,SPECIES,COUNTRY,SO,13784,CITES_EU,
19339,SPECIES,COUNTRY,MW,13784,CITES_EU,
25746,SPECIES,COUNTRY,GH,13784,CITES_EU,
25746,SPECIES,COUNTRY,ML,13784,CITES_EU,
25746,SPECIES,COUNTRY,NG,13784,CITES_EU,
25746,SPECIES,COUNTRY,TG,13784,CITES_EU,
17832,SPECIES,COUNTRY,ET,13784,CITES_EU,
17832,SPECIES,COUNTRY,KE,13784,CITES_EU,
17211,SPECIES,COUNTRY,ET,13784,CITES_EU,
15889,SPECIES,COUNTRY,SA,13784,CITES_EU,
15889,SPECIES,COUNTRY,YE,13784,CITES_EU,
29002,SPECIES,COUNTRY,AO,13784,CITES_EU,
21120,SPECIES,COUNTRY,AO,13784,CITES_EU,
21120,SPECIES,COUNTRY,MZ,13784,CITES_EU,
21120,SPECIES,COUNTRY,TZ,13784,CITES_EU,
22034,SPECIES,COUNTRY,KE,13784,CITES_EU,
25098,SPECIES,COUNTRY,ET,13784,CITES_EU,
25098,SPECIES,COUNTRY,KE,13784,CITES_EU,
25098,SPECIES,COUNTRY,SO,13784,CITES_EU,
26145,SPECIES,COUNTRY,KE,13784,CITES_EU,
23029,SPECIES,COUNTRY,S1,13784,CITES_EU,
23029,SPECIES,COUNTRY,ZM,13784,CITES_EU,
17527,SPECIES,COUNTRY,SO,13784,CITES_EU,
27859,SPECIES,COUNTRY,BW,13784,CITES_EU,
27859,SPECIES,COUNTRY,MW,13784,CITES_EU,
27859,SPECIES,COUNTRY,MZ,13784,CITES_EU,
27859,SPECIES,COUNTRY,ZM,13784,CITES_EU,
27859,SPECIES,COUNTRY,ZW,13784,CITES_EU,
27519,SPECIES,COUNTRY,MZ,13784,CITES_EU,
14717,SPECIES,COUNTRY,KE,13784,CITES_EU,
14717,SPECIES,COUNTRY,TZ,13784,CITES_EU,
14160,SPECIES,COUNTRY,NA,13784,CITES_EU,
23318,SPECIES,COUNTRY,YE,13784,CITES_EU,
13949,SPECIES,COUNTRY,TZ,13784,CITES_EU,
16302,SPECIES,COUNTRY,LS,13784,CITES_EU,
17710,SPECIES,COUNTRY,KE,13784,CITES_EU,
22079,SPECIES,COUNTRY,ZM,13784,CITES_EU,
21410,SPECIES,COUNTRY,YE,13784,CITES_EU,
18361,SPECIES,COUNTRY,AO,13784,CITES_EU,
18361,SPECIES,COUNTRY,BW,13784,CITES_EU,
18361,SPECIES,COUNTRY,NA,13784,CITES_EU,
18361,SPECIES,COUNTRY,ZM,13784,CITES_EU,
23133,SPECIES,COUNTRY,KE,13784,CITES_EU,
24860,SPECIES,COUNTRY,YE,13784,CITES_EU,
23734,SPECIES,COUNTRY,NA,13784,CITES_EU,
25614,SPECIES,COUNTRY,SO,13784,CITES_EU,
25906,SPECIES,COUNTRY,BW,13784,CITES_EU,
25906,SPECIES,COUNTRY,ZW,13784,CITES_EU,
25011,SPECIES,COUNTRY,AO,13784,CITES_EU,
25308,SPECIES,COUNTRY,SO,13784,CITES_EU,
15706,SPECIES,COUNTRY,AO,13784,CITES_EU,
15323,SPECIES,COUNTRY,BW,13784,CITES_EU,
15323,SPECIES,COUNTRY,CD,13784,CITES_EU,
15323,SPECIES,COUNTRY,MW,13784,CITES_EU,
15323,SPECIES,COUNTRY,MZ,13784,CITES_EU,
15323,SPECIES,COUNTRY,ZA,13784,CITES_EU,
15323,SPECIES,COUNTRY,ZW,13784,CITES_EU,
16442,SPECIES,COUNTRY,SO,13784,CITES_EU,
14563,SPECIES,COUNTRY,AO,13784,CITES_EU,
15398,SPECIES,COUNTRY,ET,13784,CITES_EU,
14286,SPECIES,COUNTRY,MZ,13784,CITES_EU,
23515,SPECIES,COUNTRY,SO,13784,CITES_EU,
21673,SPECIES,COUNTRY,CD,13784,CITES_EU,
15787,SPECIES,COUNTRY,SO,13784,CITES_EU,
28730,SPECIES,COUNTRY,ZA,13784,CITES_EU,
19455,SPECIES,COUNTRY,ET,13784,CITES_EU,
23755,SPECIES,COUNTRY,SO,13784,CITES_EU,
17705,SPECIES,COUNTRY,KE,13784,CITES_EU,
26277,SPECIES,COUNTRY,YE,13784,CITES_EU,
23485,SPECIES,COUNTRY,KE,13784,CITES_EU,
20065,SPECIES,COUNTRY,AO,13784,CITES_EU,
20257,SPECIES,COUNTRY,AO,13784,CITES_EU,
20257,SPECIES,COUNTRY,BW,13784,CITES_EU,
20257,SPECIES,COUNTRY,MZ,13784,CITES_EU,
20257,SPECIES,COUNTRY,NA,13784,CITES_EU,
20257,SPECIES,COUNTRY,ZM,13784,CITES_EU,
20257,SPECIES,COUNTRY,ZW,13784,CITES_EU,
23020,SPECIES,COUNTRY,ZM,13784,CITES_EU,
22045,SPECIES,COUNTRY,S1,13784,CITES_EU,
26686,SPECIES,COUNTRY,SZ,13784,CITES_EU,
23782,SPECIES,COUNTRY,ET,13784,CITES_EU,
22130,SPECIES,COUNTRY,SO,13784,CITES_EU,
18718,SPECIES,COUNTRY,ET,13784,CITES_EU,
18718,SPECIES,COUNTRY,SO,13784,CITES_EU,
16785,SPECIES,COUNTRY,MZ,13784,CITES_EU,
28693,SPECIES,COUNTRY,AO,13784,CITES_EU,
14808,SPECIES,COUNTRY,AO,13784,CITES_EU,
14808,SPECIES,COUNTRY,ZM,13784,CITES_EU,
18766,SPECIES,COUNTRY,ET,13784,CITES_EU,
22590,SPECIES,COUNTRY,MZ,13784,CITES_EU,
21799,SPECIES,COUNTRY,CD,13784,CITES_EU,
21799,SPECIES,COUNTRY,MW,13784,CITES_EU,
21799,SPECIES,COUNTRY,TZ,13784,CITES_EU,
21799,SPECIES,COUNTRY,ZM,13784,CITES_EU,
21806,SPECIES,COUNTRY,NA,13784,CITES_EU,
26720,SPECIES,COUNTRY,AO,13784,CITES_EU,
18099,SPECIES,COUNTRY,SO,13784,CITES_EU,
15580,SPECIES,COUNTRY,YE,13784,CITES_EU,
20810,SPECIES,COUNTRY,ET,13784,CITES_EU,
24433,SPECIES,COUNTRY,MZ,13784,CITES_EU,
20419,SPECIES,COUNTRY,AO,13784,CITES_EU,
14318,SPECIES,COUNTRY,ET,13784,CITES_EU,
17339,SPECIES,COUNTRY,KE,13784,CITES_EU,
17339,SPECIES,COUNTRY,SO,13784,CITES_EU,
17339,SPECIES,COUNTRY,TZ,13784,CITES_EU,
15772,SPECIES,COUNTRY,SO,13784,CITES_EU,
18846,SPECIES,COUNTRY,MZ,13784,CITES_EU,
26039,SPECIES,COUNTRY,YE,13784,CITES_EU,
25713,SPECIES,COUNTRY,MZ,13784,CITES_EU,
19660,SPECIES,COUNTRY,AO,13784,CITES_EU,
21996,SPECIES,COUNTRY,YE,13784,CITES_EU,
22588,SPECIES,COUNTRY,ET,13784,CITES_EU,
21355,SPECIES,COUNTRY,ER,13784,CITES_EU,
28684,SPECIES,COUNTRY,NG,13784,CITES_EU,
20330,SPECIES,COUNTRY,SO,13784,CITES_EU,
21897,SPECIES,COUNTRY,AO,13784,CITES_EU,
22742,SPECIES,COUNTRY,CD,13784,CITES_EU,
14395,SPECIES,COUNTRY,YE,13784,CITES_EU,
24514,SPECIES,COUNTRY,ET,13784,CITES_EU,
13727,SPECIES,COUNTRY,S1,13784,CITES_EU,
17950,SPECIES,COUNTRY,NA,13784,CITES_EU,
24741,SPECIES,COUNTRY,ZM,13784,CITES_EU,
21371,SPECIES,COUNTRY,US,13798,CITES_EU,
24722,SPECIES,COUNTRY,ID,13798,CITES_EU,
14134,SPECIES,COUNTRY,BN,13798,CITES_EU,
28705,SPECIES,COUNTRY,PG,13798,CITES_EU,
28705,SPECIES,COUNTRY,BN,13798,CITES_EU,
28705,SPECIES,COUNTRY,SG,13798,CITES_EU,
28705,SPECIES,COUNTRY,TH,13798,CITES_EU,
28705,SPECIES,COUNTRY,MY,13798,CITES_EU,
15223,SPECIES,COUNTRY,VN,13798,CITES_EU,
29225,SPECIES,COUNTRY,PH,13798,CITES_EU,
13996,SPECIES,COUNTRY,ID,13798,CITES_EU,
23240,SPECIES,COUNTRY,PH,13798,CITES_EU,
17619,SPECIES,COUNTRY,BN,13798,CITES_EU,
18076,SPECIES,COUNTRY,ID,13798,CITES_EU,
25134,SPECIES,COUNTRY,ID,13798,CITES_EU,
26506,SPECIES,COUNTRY,MY,13798,CITES_EU,
21027,SPECIES,COUNTRY,ID,13798,CITES_EU,
27452,SPECIES,COUNTRY,ID,13798,CITES_EU,
24690,SPECIES,COUNTRY,PH,13798,CITES_EU,
21606,SPECIES,COUNTRY,ID,13798,CITES_EU,
17842,SPECIES,COUNTRY,ID,13798,CITES_EU,
16058,SPECIES,COUNTRY,ID,13798,CITES_EU,
28525,SPECIES,COUNTRY,ID,13798,CITES_EU,
23692,SPECIES,COUNTRY,MY,13798,CITES_EU,
23692,SPECIES,COUNTRY,BN,13798,CITES_EU,
23692,SPECIES,COUNTRY,ID,13798,CITES_EU,
23692,SPECIES,COUNTRY,SG,13798,CITES_EU,
14071,SPECIES,COUNTRY,MY,13798,CITES_EU,
16929,SPECIES,COUNTRY,ID,13798,CITES_EU,
24611,SPECIES,COUNTRY,BN,13798,CITES_EU,
24611,SPECIES,COUNTRY,MY,13798,CITES_EU,
18466,SPECIES,COUNTRY,SG,13798,CITES_EU,
18500,SPECIES,COUNTRY,ID,13798,CITES_EU,
14651,SPECIES,COUNTRY,ID,13798,CITES_EU,
27787,SPECIES,COUNTRY,ID,13798,CITES_EU,
21851,SPECIES,COUNTRY,IN,13798,CITES_EU,
28548,SPECIES,COUNTRY,ID,13798,CITES_EU,
28842,SPECIES,COUNTRY,MY,13798,CITES_EU,
28842,SPECIES,COUNTRY,BN,13798,CITES_EU,
21585,SPECIES,COUNTRY,MY,13798,CITES_EU,
22440,SPECIES,COUNTRY,MY,13798,CITES_EU,
28172,SPECIES,COUNTRY,MG,13798,CITES_EU,
15298,SPECIES,COUNTRY,PG,13798,CITES_EU,
15298,SPECIES,COUNTRY,ID,13798,CITES_EU,
25342,SPECIES,COUNTRY,PH,13798,CITES_EU,
21474,SPECIES,COUNTRY,ID,13798,CITES_EU,
21474,SPECIES,COUNTRY,PG,13798,CITES_EU,
21474,SPECIES,COUNTRY,VN,13798,CITES_EU,
21474,SPECIES,COUNTRY,BN,13798,CITES_EU,
21474,SPECIES,COUNTRY,TH,13798,CITES_EU,
21474,SPECIES,COUNTRY,AU,13798,CITES_EU,
21474,SPECIES,COUNTRY,KH,13798,CITES_EU,
21474,SPECIES,COUNTRY,CN,13798,CITES_EU,
21474,SPECIES,COUNTRY,LA,13798,CITES_EU,
21474,SPECIES,COUNTRY,MY,13798,CITES_EU,
21474,SPECIES,COUNTRY,PH,13798,CITES_EU,
17332,SPECIES,COUNTRY,ID,13798,CITES_EU,
14825,SPECIES,COUNTRY,MY,13798,CITES_EU,
29378,SPECIES,COUNTRY,ID,13798,CITES_EU,
29378,SPECIES,COUNTRY,PG,13798,CITES_EU,
27019,SPECIES,COUNTRY,MY,13798,CITES_EU,
21701,SPECIES,COUNTRY,ID,13798,CITES_EU,
23684,SPECIES,COUNTRY,ID,13798,CITES_EU,
16295,SPECIES,COUNTRY,SC,13798,CITES_EU,
25539,SPECIES,COUNTRY,PH,13798,CITES_EU,
24696,SPECIES,COUNTRY,PH,13798,CITES_EU,
16266,SPECIES,COUNTRY,ID,13798,CITES_EU,
19092,SPECIES,COUNTRY,BN,13798,CITES_EU,
19092,SPECIES,COUNTRY,SG,13798,CITES_EU,
19092,SPECIES,COUNTRY,MY,13798,CITES_EU,
19092,SPECIES,COUNTRY,ID,13798,CITES_EU,
26024,SPECIES,COUNTRY,MY,13798,CITES_EU,
14192,SPECIES,COUNTRY,BN,13798,CITES_EU,
14192,SPECIES,COUNTRY,ID,13798,CITES_EU,
14192,SPECIES,COUNTRY,MY,13798,CITES_EU,
25286,SPECIES,COUNTRY,ID,13798,CITES_EU,
25300,SPECIES,COUNTRY,MY,13798,CITES_EU,
15046,SPECIES,COUNTRY,ID,13798,CITES_EU,
15582,SPECIES,COUNTRY,ID,13798,CITES_EU,
19955,SPECIES,COUNTRY,ID,13798,CITES_EU,
20618,SPECIES,COUNTRY,BN,13798,CITES_EU,
20618,SPECIES,COUNTRY,MY,13798,CITES_EU,
26499,SPECIES,COUNTRY,ID,13798,CITES_EU,
24610,SPECIES,COUNTRY,BN,13798,CITES_EU,
24610,SPECIES,COUNTRY,ID,13798,CITES_EU,
24610,SPECIES,COUNTRY,MY,13798,CITES_EU,
19806,SPECIES,COUNTRY,ID,13798,CITES_EU,
14558,SPECIES,COUNTRY,ID,13798,CITES_EU,
23830,SPECIES,COUNTRY,ID,13798,CITES_EU,
25609,SPECIES,COUNTRY,SG,13798,CITES_EU,
22558,SPECIES,COUNTRY,PH,13798,CITES_EU,
13728,SPECIES,COUNTRY,BN,13798,CITES_EU,
13728,SPECIES,COUNTRY,MY,13798,CITES_EU,
22348,SPECIES,COUNTRY,PH,13798,CITES_EU,
17801,SPECIES,TERRITORY,NC,13798,CITES_EU,
21190,SPECIES,COUNTRY,MY,13798,CITES_EU,
26134,SPECIES,COUNTRY,US,13798,CITES_EU,
21971,SPECIES,COUNTRY,US,13798,CITES_EU,
24008,SPECIES,COUNTRY,US,13798,CITES_EU,
24195,SPECIES,COUNTRY,US,13798,CITES_EU,
22715,SPECIES,COUNTRY,US,13798,CITES_EU,
18756,SPECIES,COUNTRY,US,13798,CITES_EU,
17644,SPECIES,COUNTRY,CA,13798,CITES_EU,
17644,SPECIES,COUNTRY,US,13798,CITES_EU,
27890,SPECIES,COUNTRY,US,13798,CITES_EU,
29622,SUBSPECIES,COUNTRY,US,13798,CITES_EU,
8893,SPECIES,TERRITORY,AS,18787,CITES_EU,
11215,SPECIES,TERRITORY,AS,18787,CITES_EU,
10712,SPECIES,TERRITORY,AS,18787,CITES_EU,
8327,SPECIES,TERRITORY,AS,18787,CITES_EU,
6732,SPECIES,TERRITORY,AS,18787,CITES_EU,
8893,SPECIES,COUNTRY,AU,18787,CITES_EU,
7545,SPECIES,COUNTRY,AU,18787,CITES_EU,
11215,SPECIES,COUNTRY,AU,18787,CITES_EU,
10712,SPECIES,COUNTRY,AU,18787,CITES_EU,
8327,SPECIES,COUNTRY,AU,18787,CITES_EU,
7683,SPECIES,COUNTRY,AU,18787,CITES_EU,
68361,SPECIES,COUNTRY,AU,18787,CITES_EU,
6732,SPECIES,COUNTRY,AU,18787,CITES_EU,
8327,SPECIES,TERRITORY,IO,18787,CITES_EU,
6732,SPECIES,TERRITORY,IO,18787,CITES_EU,
6732,SPECIES,COUNTRY,BN,18787,CITES_EU,
7545,SPECIES,COUNTRY,KH,18787,CITES_EU,
10712,SPECIES,COUNTRY,KH,18787,CITES_EU,
6732,SPECIES,COUNTRY,KH,18787,CITES_EU,
7545,SPECIES,COUNTRY,CN,18787,CITES_EU,
10712,SPECIES,COUNTRY,CN,18787,CITES_EU,
8327,SPECIES,COUNTRY,CN,18787,CITES_EU,
6732,SPECIES,COUNTRY,CN,18787,CITES_EU,
7545,SPECIES,TERRITORY,CX,18787,CITES_EU,
11215,SPECIES,TERRITORY,CX,18787,CITES_EU,
10712,SPECIES,TERRITORY,CX,18787,CITES_EU,
8327,SPECIES,TERRITORY,CX,18787,CITES_EU,
68361,SPECIES,TERRITORY,CX,18787,CITES_EU,
6732,SPECIES,TERRITORY,CX,18787,CITES_EU,
7545,SPECIES,TERRITORY,CC,18787,CITES_EU,
10712,SPECIES,TERRITORY,CC,18787,CITES_EU,
8327,SPECIES,TERRITORY,CC,18787,CITES_EU,
6732,SPECIES,TERRITORY,CC,18787,CITES_EU,
8327,SPECIES,COUNTRY,KM,18787,CITES_EU,
6732,SPECIES,COUNTRY,KM,18787,CITES_EU,
8893,SPECIES,COUNTRY,CK,18787,CITES_EU,
11215,SPECIES,COUNTRY,CK,18787,CITES_EU,
10712,SPECIES,COUNTRY,CK,18787,CITES_EU,
8327,SPECIES,COUNTRY,CK,18787,CITES_EU,
68361,SPECIES,COUNTRY,CK,18787,CITES_EU,
6732,SPECIES,COUNTRY,CK,18787,CITES_EU,
8327,SPECIES,COUNTRY,DJ,18787,CITES_EU,
6732,SPECIES,COUNTRY,DJ,18787,CITES_EU,
8327,SPECIES,COUNTRY,EG,18787,CITES_EU,
10712,SPECIES,COUNTRY,ER,18787,CITES_EU,
8893,SPECIES,COUNTRY,FJ,18787,CITES_EU,
11215,SPECIES,COUNTRY,FJ,18787,CITES_EU,
10712,SPECIES,COUNTRY,FJ,18787,CITES_EU,
8327,SPECIES,COUNTRY,FJ,18787,CITES_EU,
7683,SPECIES,COUNTRY,FJ,18787,CITES_EU,
68361,SPECIES,COUNTRY,FJ,18787,CITES_EU,
6732,SPECIES,COUNTRY,FJ,18787,CITES_EU,
8327,SPECIES,TERRITORY,PF,18787,CITES_EU,
6732,SPECIES,TERRITORY,PF,18787,CITES_EU,
8893,SPECIES,TERRITORY,GU,18787,CITES_EU,
10712,SPECIES,TERRITORY,GU,18787,CITES_EU,
8327,SPECIES,TERRITORY,GU,18787,CITES_EU,
8327,SPECIES,TERRITORY,HK,18787,CITES_EU,
8893,SPECIES,COUNTRY,IN,18787,CITES_EU,
10712,SPECIES,COUNTRY,IN,18787,CITES_EU,
8327,SPECIES,COUNTRY,IN,18787,CITES_EU,
6732,SPECIES,COUNTRY,IN,18787,CITES_EU,
8893,SPECIES,COUNTRY,ID,18787,CITES_EU,
3557,SPECIES,COUNTRY,ID,18787,CITES_EU,
7545,SPECIES,COUNTRY,ID,18787,CITES_EU,
11215,SPECIES,COUNTRY,ID,18787,CITES_EU,
10712,SPECIES,COUNTRY,ID,18787,CITES_EU,
8327,SPECIES,COUNTRY,ID,18787,CITES_EU,
68361,SPECIES,COUNTRY,ID,18787,CITES_EU,
6732,SPECIES,COUNTRY,ID,18787,CITES_EU,
8327,SPECIES,COUNTRY,IL,18787,CITES_EU,
6732,SPECIES,COUNTRY,IL,18787,CITES_EU,
8893,SPECIES,COUNTRY,JP,18787,CITES_EU,
7545,SPECIES,COUNTRY,JP,18787,CITES_EU,
10712,SPECIES,COUNTRY,JP,18787,CITES_EU,
8327,SPECIES,COUNTRY,JP,18787,CITES_EU,
68361,SPECIES,COUNTRY,JP,18787,CITES_EU,
6732,SPECIES,COUNTRY,JP,18787,CITES_EU,
8327,SPECIES,COUNTRY,JO,18787,CITES_EU,
6732,SPECIES,COUNTRY,JO,18787,CITES_EU,
8327,SPECIES,COUNTRY,KE,18787,CITES_EU,
6732,SPECIES,COUNTRY,KE,18787,CITES_EU,
8893,SPECIES,COUNTRY,KI,18787,CITES_EU,
10712,SPECIES,COUNTRY,KI,18787,CITES_EU,
8327,SPECIES,COUNTRY,KI,18787,CITES_EU,
68361,SPECIES,COUNTRY,KI,18787,CITES_EU,
6732,SPECIES,COUNTRY,KI,18787,CITES_EU,
10712,SPECIES,COUNTRY,MG,18787,CITES_EU,
8327,SPECIES,COUNTRY,MG,18787,CITES_EU,
6732,SPECIES,COUNTRY,MG,18787,CITES_EU,
8893,SPECIES,COUNTRY,MY,18787,CITES_EU,
3557,SPECIES,COUNTRY,MY,18787,CITES_EU,
7545,SPECIES,COUNTRY,MY,18787,CITES_EU,
11215,SPECIES,COUNTRY,MY,18787,CITES_EU,
10712,SPECIES,COUNTRY,MY,18787,CITES_EU,
8327,SPECIES,COUNTRY,MY,18787,CITES_EU,
6732,SPECIES,COUNTRY,MY,18787,CITES_EU,
8327,SPECIES,COUNTRY,MV,18787,CITES_EU,
6732,SPECIES,COUNTRY,MV,18787,CITES_EU,
8893,SPECIES,COUNTRY,MH,18787,CITES_EU,
10712,SPECIES,COUNTRY,MH,18787,CITES_EU,
8327,SPECIES,COUNTRY,MH,18787,CITES_EU,
6732,SPECIES,COUNTRY,MH,18787,CITES_EU,
10712,SPECIES,COUNTRY,MU,18787,CITES_EU,
8327,SPECIES,COUNTRY,MU,18787,CITES_EU,
6732,SPECIES,COUNTRY,MU,18787,CITES_EU,
8327,SPECIES,TERRITORY,YT,18787,CITES_EU,
6732,SPECIES,TERRITORY,YT,18787,CITES_EU,
8893,SPECIES,COUNTRY,FM,18787,CITES_EU,
11215,SPECIES,COUNTRY,FM,18787,CITES_EU,
10712,SPECIES,COUNTRY,FM,18787,CITES_EU,
8327,SPECIES,COUNTRY,FM,18787,CITES_EU,
68361,SPECIES,COUNTRY,FM,18787,CITES_EU,
6732,SPECIES,COUNTRY,FM,18787,CITES_EU,
8327,SPECIES,COUNTRY,MZ,18787,CITES_EU,
6732,SPECIES,COUNTRY,MZ,18787,CITES_EU,
8893,SPECIES,COUNTRY,MM,18787,CITES_EU,
10712,SPECIES,COUNTRY,MM,18787,CITES_EU,
8327,SPECIES,COUNTRY,MM,18787,CITES_EU,
6732,SPECIES,COUNTRY,MM,18787,CITES_EU,
8327,SPECIES,COUNTRY,NR,18787,CITES_EU,
68361,SPECIES,COUNTRY,NR,18787,CITES_EU,
8893,SPECIES,TERRITORY,NC,18787,CITES_EU,
7545,SPECIES,TERRITORY,NC,18787,CITES_EU,
11215,SPECIES,TERRITORY,NC,18787,CITES_EU,
10712,SPECIES,TERRITORY,NC,18787,CITES_EU,
8327,SPECIES,TERRITORY,NC,18787,CITES_EU,
7683,SPECIES,TERRITORY,NC,18787,CITES_EU,
68361,SPECIES,TERRITORY,NC,18787,CITES_EU,
6732,SPECIES,TERRITORY,NC,18787,CITES_EU,
8327,SPECIES,TERRITORY,NU,18787,CITES_EU,
6732,SPECIES,TERRITORY,NU,18787,CITES_EU,
8893,SPECIES,TERRITORY,MP,18787,CITES_EU,
7545,SPECIES,TERRITORY,MP,18787,CITES_EU,
10712,SPECIES,TERRITORY,MP,18787,CITES_EU,
8327,SPECIES,TERRITORY,MP,18787,CITES_EU,
6732,SPECIES,TERRITORY,MP,18787,CITES_EU,
8893,SPECIES,COUNTRY,PW,18787,CITES_EU,
3557,SPECIES,COUNTRY,PW,18787,CITES_EU,
7545,SPECIES,COUNTRY,PW,18787,CITES_EU,
11215,SPECIES,COUNTRY,PW,18787,CITES_EU,
10712,SPECIES,COUNTRY,PW,18787,CITES_EU,
8327,SPECIES,COUNTRY,PW,18787,CITES_EU,
6732,SPECIES,COUNTRY,PW,18787,CITES_EU,
8893,SPECIES,COUNTRY,PG,18787,CITES_EU,
3557,SPECIES,COUNTRY,PG,18787,CITES_EU,
7545,SPECIES,COUNTRY,PG,18787,CITES_EU,
11215,SPECIES,COUNTRY,PG,18787,CITES_EU,
10712,SPECIES,COUNTRY,PG,18787,CITES_EU,
8327,SPECIES,COUNTRY,PG,18787,CITES_EU,
68361,SPECIES,COUNTRY,PG,18787,CITES_EU,
6732,SPECIES,COUNTRY,PG,18787,CITES_EU,
8893,SPECIES,COUNTRY,PH,18787,CITES_EU,
7545,SPECIES,COUNTRY,PH,18787,CITES_EU,
11215,SPECIES,COUNTRY,PH,18787,CITES_EU,
10712,SPECIES,COUNTRY,PH,18787,CITES_EU,
8327,SPECIES,COUNTRY,PH,18787,CITES_EU,
68361,SPECIES,COUNTRY,PH,18787,CITES_EU,
6732,SPECIES,COUNTRY,PH,18787,CITES_EU,
8327,SPECIES,TERRITORY,PN,18787,CITES_EU,
6732,SPECIES,TERRITORY,PN,18787,CITES_EU,
8327,SPECIES,TERRITORY,RE,18787,CITES_EU,
6732,SPECIES,TERRITORY,RE,18787,CITES_EU,
8893,SPECIES,COUNTRY,WS,18787,CITES_EU,
11215,SPECIES,COUNTRY,WS,18787,CITES_EU,
10712,SPECIES,COUNTRY,WS,18787,CITES_EU,
8327,SPECIES,COUNTRY,WS,18787,CITES_EU,
68361,SPECIES,COUNTRY,WS,18787,CITES_EU,
6732,SPECIES,COUNTRY,WS,18787,CITES_EU,
8327,SPECIES,COUNTRY,SA,18787,CITES_EU,
6732,SPECIES,COUNTRY,SA,18787,CITES_EU,
7545,SPECIES,COUNTRY,SC,18787,CITES_EU,
8327,SPECIES,COUNTRY,SC,18787,CITES_EU,
6732,SPECIES,COUNTRY,SC,18787,CITES_EU,
8893,SPECIES,COUNTRY,SG,18787,CITES_EU,
7545,SPECIES,COUNTRY,SG,18787,CITES_EU,
10712,SPECIES,COUNTRY,SG,18787,CITES_EU,
8327,SPECIES,COUNTRY,SG,18787,CITES_EU,
6732,SPECIES,COUNTRY,SG,18787,CITES_EU,
8893,SPECIES,COUNTRY,SB,18787,CITES_EU,
7545,SPECIES,COUNTRY,SB,18787,CITES_EU,
11215,SPECIES,COUNTRY,SB,18787,CITES_EU,
10712,SPECIES,COUNTRY,SB,18787,CITES_EU,
8327,SPECIES,COUNTRY,SB,18787,CITES_EU,
68361,SPECIES,COUNTRY,SB,18787,CITES_EU,
6732,SPECIES,COUNTRY,SB,18787,CITES_EU,
8327,SPECIES,COUNTRY,ZA,18787,CITES_EU,
6732,SPECIES,COUNTRY,ZA,18787,CITES_EU,
8327,SPECIES,COUNTRY,LK,18787,CITES_EU,
6732,SPECIES,COUNTRY,LK,18787,CITES_EU,
8327,SPECIES,COUNTRY,SD,18787,CITES_EU,
6732,SPECIES,COUNTRY,SD,18787,CITES_EU,
7545,SPECIES,TERRITORY,TW,18787,CITES_EU,
11215,SPECIES,TERRITORY,TW,18787,CITES_EU,
8327,SPECIES,TERRITORY,TW,18787,CITES_EU,
68361,SPECIES,TERRITORY,TW,18787,CITES_EU,
6732,SPECIES,TERRITORY,TW,18787,CITES_EU,
7545,SPECIES,COUNTRY,TH,18787,CITES_EU,
8327,SPECIES,COUNTRY,TH,18787,CITES_EU,
6732,SPECIES,COUNTRY,TH,18787,CITES_EU,
7545,SPECIES,COUNTRY,TL,18787,CITES_EU,
10712,SPECIES,COUNTRY,TL,18787,CITES_EU,
68361,SPECIES,COUNTRY,TL,18787,CITES_EU,
8327,SPECIES,TERRITORY,TK,18787,CITES_EU,
6732,SPECIES,TERRITORY,TK,18787,CITES_EU,
8893,SPECIES,COUNTRY,TO,18787,CITES_EU,
11215,SPECIES,COUNTRY,TO,18787,CITES_EU,
8327,SPECIES,COUNTRY,TO,18787,CITES_EU,
7683,SPECIES,COUNTRY,TO,18787,CITES_EU,
6732,SPECIES,COUNTRY,TO,18787,CITES_EU,
8327,SPECIES,COUNTRY,TV,18787,CITES_EU,
6732,SPECIES,COUNTRY,TV,18787,CITES_EU,
8327,SPECIES,COUNTRY,TZ,18787,CITES_EU,
6732,SPECIES,COUNTRY,TZ,18787,CITES_EU,
8327,SPECIES,TERRITORY,UM,18787,CITES_EU,
8893,SPECIES,COUNTRY,VU,18787,CITES_EU,
7545,SPECIES,COUNTRY,VU,18787,CITES_EU,
11215,SPECIES,COUNTRY,VU,18787,CITES_EU,
10712,SPECIES,COUNTRY,VU,18787,CITES_EU,
8327,SPECIES,COUNTRY,VU,18787,CITES_EU,
68361,SPECIES,COUNTRY,VU,18787,CITES_EU,
6732,SPECIES,COUNTRY,VU,18787,CITES_EU,
7545,SPECIES,COUNTRY,VN,18787,CITES_EU,
8327,SPECIES,COUNTRY,VN,18787,CITES_EU,
6732,SPECIES,COUNTRY,VN,18787,CITES_EU,
8327,SPECIES,TERRITORY,WF,18787,CITES_EU,
68361,SPECIES,TERRITORY,WF,18787,CITES_EU,
6732,SPECIES,TERRITORY,WF,18787,CITES_EU,
8327,SPECIES,COUNTRY,YE,18787,CITES_EU,
6732,SPECIES,COUNTRY,YE,18787,CITES_EU,
68005,SPECIES,TERRITORY,SH,18788,CITES_EU,
98243,SPECIES,TERRITORY,SH,18788,CITES_EU,
11277,SPECIES,TERRITORY,SH,18788,CITES_EU,
68410,SPECIES,TERRITORY,SH,18788,CITES_EU,
6257,SPECIES,TERRITORY,SH,18788,CITES_EU,
6834,SPECIES,TERRITORY,SH,18788,CITES_EU,
68433,SPECIES,COUNTRY,NZ,14616,CITES_EU,
68442,SPECIES,COUNTRY,NZ,14616,CITES_EU,
68436,SPECIES,COUNTRY,NZ,14616,CITES_EU,
68440,SPECIES,COUNTRY,NZ,14616,CITES_EU,
68438,SPECIES,COUNTRY,NZ,14616,CITES_EU,
68434,SPECIES,COUNTRY,NZ,14616,CITES_EU,
68437,SPECIES,COUNTRY,NZ,14616,CITES_EU,
68439,SPECIES,COUNTRY,NZ,14616,CITES_EU,
68444,SPECIES,COUNTRY,NZ,14616,CITES_EU,
68432,SPECIES,COUNTRY,NZ,14616,CITES_EU,
68435,SPECIES,COUNTRY,NZ,14616,CITES_EU,
68441,SPECIES,COUNTRY,NZ,14616,CITES_EU,
68443,SPECIES,COUNTRY,NZ,14616,CITES_EU,
98521,SPECIES,COUNTRY,CU,18789,CITES_EU,
98527,SPECIES,COUNTRY,CU,18789,CITES_EU,
98533,SPECIES,COUNTRY,CU,18789,CITES_EU,
98522,SPECIES,COUNTRY,CU,18789,CITES_EU,
98524,SPECIES,COUNTRY,CU,18789,CITES_EU,
98526,SPECIES,COUNTRY,CU,18789,CITES_EU,
98508,SPECIES,COUNTRY,CU,18789,CITES_EU,
98509,SPECIES,COUNTRY,CU,18789,CITES_EU,
98515,SPECIES,COUNTRY,CU,18789,CITES_EU,
98516,SPECIES,COUNTRY,CU,18789,CITES_EU,
98518,SPECIES,COUNTRY,CU,18789,CITES_EU,
98520,SPECIES,COUNTRY,CU,18789,CITES_EU,
98523,SPECIES,COUNTRY,CU,18789,CITES_EU,
98525,SPECIES,COUNTRY,CU,18789,CITES_EU,
98510,SPECIES,COUNTRY,CU,18789,CITES_EU,
98511,SPECIES,COUNTRY,CU,18789,CITES_EU,
98512,SPECIES,COUNTRY,CU,18789,CITES_EU,
98513,SPECIES,COUNTRY,CU,18789,CITES_EU,
98514,SPECIES,COUNTRY,CU,18789,CITES_EU,
99501,SPECIES,COUNTRY,JP,18790,CITES_EU,
99502,SPECIES,COUNTRY,JP,18790,CITES_EU,
99503,SPECIES,COUNTRY,JP,18790,CITES_EU,
99504,SPECIES,COUNTRY,JP,18790,CITES_EU,
99505,SPECIES,COUNTRY,JP,18790,CITES_EU,
68475,SPECIES,COUNTRY,BR,18791,CITES_EU,
99506,SPECIES,COUNTRY,LK,18792,CITES_EU,
99507,SPECIES,COUNTRY,LK,18792,CITES_EU,
99508,SPECIES,COUNTRY,LK,18792,CITES_EU,
99509,SPECIES,COUNTRY,LK,18792,CITES_EU,
98190,SPECIES,COUNTRY,LK,18792,CITES_EU,
98191,SPECIES,COUNTRY,LK,18792,CITES_EU,
99510,SPECIES,COUNTRY,LK,18793,CITES_EU,
99544,SPECIES,COUNTRY,AF,,CITES_EU,
99544,SPECIES,COUNTRY,AL,,CITES_EU,
99544,SPECIES,COUNTRY,DZ,,CITES_EU,
99544,SPECIES,COUNTRY,AL,,CITES_EU,
99544,SPECIES,COUNTRY,AT,,CITES_EU,
99544,SPECIES,COUNTRY,AZ,,CITES_EU,
99544,SPECIES,COUNTRY,BH,,CITES_EU,
99544,SPECIES,COUNTRY,BY,,CITES_EU,
99544,SPECIES,COUNTRY,BA,,CITES_EU,
99544,SPECIES,COUNTRY,BG,,CITES_EU,
99544,SPECIES,COUNTRY,BF,,CITES_EU,
99544,SPECIES,COUNTRY,CM,,CITES_EU,
99544,SPECIES,COUNTRY,CF,,CITES_EU,
99544,SPECIES,COUNTRY,TD,,CITES_EU,
99544,SPECIES,COUNTRY,CN,,CITES_EU,
99544,SPECIES,COUNTRY,HR,,CITES_EU,
99544,SPECIES,COUNTRY,CY,,CITES_EU,
99544,SPECIES,COUNTRY,CZ,,CITES_EU,
99544,SPECIES,COUNTRY,DK,,CITES_EU,
99544,SPECIES,COUNTRY,DJ,,CITES_EU,
99544,SPECIES,COUNTRY,EG,,CITES_EU,
99544,SPECIES,COUNTRY,ER,,CITES_EU,
99544,SPECIES,COUNTRY,EE,,CITES_EU,
99544,SPECIES,COUNTRY,ET,,CITES_EU,
99544,SPECIES,COUNTRY,FR,,CITES_EU,
99544,SPECIES,COUNTRY,GM,,CITES_EU,
99544,SPECIES,COUNTRY,GE,,CITES_EU,
99544,SPECIES,COUNTRY,DE,,CITES_EU,
99544,SPECIES,COUNTRY,GH,,CITES_EU,
99544,SPECIES,TERRITORY,GI,,CITES_EU,
99544,SPECIES,COUNTRY,GR,,CITES_EU,
99544,SPECIES,COUNTRY,HU,,CITES_EU,
99544,SPECIES,COUNTRY,IN,,CITES_EU,
99544,SPECIES,COUNTRY,IR,,CITES_EU,
99544,SPECIES,COUNTRY,IQ,,CITES_EU,
99544,SPECIES,COUNTRY,IL,,CITES_EU,
99544,SPECIES,COUNTRY,IT,,CITES_EU,
99544,SPECIES,COUNTRY,JO,,CITES_EU,
99544,SPECIES,COUNTRY,KZ,,CITES_EU,
99544,SPECIES,COUNTRY,KE,,CITES_EU,
99544,SPECIES,COUNTRY,KP,,CITES_EU,
99544,SPECIES,COUNTRY,KR,,CITES_EU,
99544,SPECIES,COUNTRY,KW,,CITES_EU,
99544,SPECIES,COUNTRY,KG,,CITES_EU,
99544,SPECIES,COUNTRY,LV,,CITES_EU,
99544,SPECIES,COUNTRY,LB,,CITES_EU,
99544,SPECIES,COUNTRY,LY,,CITES_EU,
99544,SPECIES,COUNTRY,LU,,CITES_EU,
99544,SPECIES,COUNTRY,ML,,CITES_EU,
99544,SPECIES,COUNTRY,MR,,CITES_EU,
99544,SPECIES,COUNTRY,MD,,CITES_EU,
99544,SPECIES,COUNTRY,MN,,CITES_EU,
99544,SPECIES,COUNTRY,ME,,CITES_EU,
99544,SPECIES,COUNTRY,MA,,CITES_EU,
99544,SPECIES,COUNTRY,NP,,CITES_EU,
99544,SPECIES,COUNTRY,NL,,CITES_EU,
99544,SPECIES,COUNTRY,NE,,CITES_EU,
99544,SPECIES,COUNTRY,MK,,CITES_EU,
99544,SPECIES,COUNTRY,OM,,CITES_EU,
99544,SPECIES,COUNTRY,PK,,CITES_EU,
99544,SPECIES,COUNTRY,PL,,CITES_EU,
99544,SPECIES,COUNTRY,PT,,CITES_EU,
99544,SPECIES,COUNTRY,QA,,CITES_EU,
99544,SPECIES,COUNTRY,RO,,CITES_EU,
99544,SPECIES,COUNTRY,RU,,CITES_EU,
99544,SPECIES,COUNTRY,SA,,CITES_EU,
99544,SPECIES,COUNTRY,SN,,CITES_EU,
99544,SPECIES,COUNTRY,RS,,CITES_EU,
99544,SPECIES,COUNTRY,SK,,CITES_EU,
99544,SPECIES,COUNTRY,SI,,CITES_EU,
99544,SPECIES,COUNTRY,SO,,CITES_EU,
99544,SPECIES,COUNTRY,ES,,CITES_EU,
99544,SPECIES,COUNTRY,SD,,CITES_EU,
99544,SPECIES,COUNTRY,SE,,CITES_EU,
99544,SPECIES,COUNTRY,CH,,CITES_EU,
99544,SPECIES,COUNTRY,SY,,CITES_EU,
99544,SPECIES,COUNTRY,TJ,,CITES_EU,
99544,SPECIES,COUNTRY,TG,,CITES_EU,
99544,SPECIES,COUNTRY,TN,,CITES_EU,
99544,SPECIES,COUNTRY,TM,,CITES_EU,
99544,SPECIES,COUNTRY,UA,,CITES_EU,
99544,SPECIES,COUNTRY,AE,,CITES_EU,
99544,SPECIES,COUNTRY,UZ,,CITES_EU,
99544,SPECIES,COUNTRY,YE,,CITES_EU,
99545,SPECIES,COUNTRY,AL,,CITES_EU,
99545,SPECIES,COUNTRY,DZ,,CITES_EU,
99545,SPECIES,COUNTRY,AD,,CITES_EU,
99545,SPECIES,COUNTRY,AM,,CITES_EU,
99545,SPECIES,COUNTRY,AT,,CITES_EU,
99545,SPECIES,COUNTRY,AZ,,CITES_EU,
99545,SPECIES,COUNTRY,BY,,CITES_EU,
99545,SPECIES,COUNTRY,BE,,CITES_EU,
99545,SPECIES,COUNTRY,BA,,CITES_EU,
99545,SPECIES,COUNTRY,BG,,CITES_EU,
99545,SPECIES,COUNTRY,HR,,CITES_EU,
99545,SPECIES,COUNTRY,CY,,CITES_EU,
99545,SPECIES,COUNTRY,CZ,,CITES_EU,
99545,SPECIES,COUNTRY,DK,,CITES_EU,
99545,SPECIES,COUNTRY,EG,,CITES_EU,
99545,SPECIES,COUNTRY,EE,,CITES_EU,
99545,SPECIES,COUNTRY,FI,,CITES_EU,
99545,SPECIES,COUNTRY,FR,,CITES_EU,
99545,SPECIES,COUNTRY,GE,,CITES_EU,
99545,SPECIES,COUNTRY,DE,,CITES_EU,
99545,SPECIES,TERRITORY,GI,,CITES_EU,
99545,SPECIES,COUNTRY,GR,,CITES_EU,
99545,SPECIES,COUNTRY,HU,,CITES_EU,
99545,SPECIES,COUNTRY,IR,,CITES_EU,
99545,SPECIES,COUNTRY,IQ,,CITES_EU,
99545,SPECIES,COUNTRY,IL,,CITES_EU,
99545,SPECIES,COUNTRY,IT,,CITES_EU,
99545,SPECIES,COUNTRY,JO,,CITES_EU,
99545,SPECIES,COUNTRY,KW,,CITES_EU,
99545,SPECIES,COUNTRY,LV,,CITES_EU,
99545,SPECIES,COUNTRY,LB,,CITES_EU,
99545,SPECIES,COUNTRY,LY,,CITES_EU,
99545,SPECIES,COUNTRY,LT,,CITES_EU,
99545,SPECIES,COUNTRY,LU,,CITES_EU,
99545,SPECIES,COUNTRY,MT,,CITES_EU,
99545,SPECIES,COUNTRY,MD,,CITES_EU,
99545,SPECIES,COUNTRY,MC,,CITES_EU,
99545,SPECIES,COUNTRY,ME,,CITES_EU,
99545,SPECIES,COUNTRY,MA,,CITES_EU,
99545,SPECIES,COUNTRY,NL,,CITES_EU,
99545,SPECIES,COUNTRY,MK,,CITES_EU,
99545,SPECIES,COUNTRY,NO,,CITES_EU,
99545,SPECIES,COUNTRY,PL,,CITES_EU,
99545,SPECIES,COUNTRY,PT,,CITES_EU,
99545,SPECIES,COUNTRY,RO,,CITES_EU,
99545,SPECIES,COUNTRY,RU,,CITES_EU,
99545,SPECIES,COUNTRY,SM,,CITES_EU,
99545,SPECIES,COUNTRY,RS,,CITES_EU,
99545,SPECIES,COUNTRY,SK,,CITES_EU,
99545,SPECIES,COUNTRY,SI,,CITES_EU,
99545,SPECIES,COUNTRY,ES,,CITES_EU,
99545,SPECIES,COUNTRY,SE,,CITES_EU,
99545,SPECIES,COUNTRY,CH,,CITES_EU,
99545,SPECIES,COUNTRY,SY,,CITES_EU,
99545,SPECIES,COUNTRY,TN,,CITES_EU,
99545,SPECIES,COUNTRY,TR,,CITES_EU,
99545,SPECIES,COUNTRY,TM,,CITES_EU,
99545,SPECIES,COUNTRY,UA,,CITES_EU,
99545,SPECIES,COUNTRY,GB,,CITES_EU,
99546,SPECIES,COUNTRY,AF,,CITES_EU,
99546,SPECIES,COUNTRY,AL,,CITES_EU,
99546,SPECIES,COUNTRY,DZ,,CITES_EU,
99546,SPECIES,COUNTRY,AM,,CITES_EU,
99546,SPECIES,COUNTRY,AZ,,CITES_EU,
99546,SPECIES,COUNTRY,BA,,CITES_EU,
99546,SPECIES,COUNTRY,BG,,CITES_EU,
99546,SPECIES,COUNTRY,HR,,CITES_EU,
99546,SPECIES,COUNTRY,CY,,CITES_EU,
99546,SPECIES,COUNTRY,EG,,CITES_EU,
99546,SPECIES,COUNTRY,FR,,CITES_EU,
99546,SPECIES,COUNTRY,GE,,CITES_EU,
99546,SPECIES,COUNTRY,GR,,CITES_EU,
99546,SPECIES,COUNTRY,IR,,CITES_EU,
99546,SPECIES,COUNTRY,IQ,,CITES_EU,
99546,SPECIES,COUNTRY,IL,,CITES_EU,
99546,SPECIES,COUNTRY,IT,,CITES_EU,
99546,SPECIES,COUNTRY,JO,,CITES_EU,
99546,SPECIES,COUNTRY,KZ,,CITES_EU,
99546,SPECIES,COUNTRY,KG,,CITES_EU,
99546,SPECIES,COUNTRY,LB,,CITES_EU,
99546,SPECIES,COUNTRY,LY,,CITES_EU,
99546,SPECIES,COUNTRY,MK,,CITES_EU,
99546,SPECIES,COUNTRY,MD,,CITES_EU,
99546,SPECIES,COUNTRY,ME,,CITES_EU,
99546,SPECIES,COUNTRY,MA,,CITES_EU,
99546,SPECIES,COUNTRY,PT,,CITES_EU,
99546,SPECIES,COUNTRY,RO,,CITES_EU,
99546,SPECIES,COUNTRY,RU,,CITES_EU,
99546,SPECIES,COUNTRY,RS,,CITES_EU,
99546,SPECIES,COUNTRY,SI,,CITES_EU,
99546,SPECIES,COUNTRY,ES,,CITES_EU,
99546,SPECIES,COUNTRY,SY,,CITES_EU,
99546,SPECIES,COUNTRY,TJ,,CITES_EU,
99546,SPECIES,COUNTRY,TN,,CITES_EU,
99546,SPECIES,COUNTRY,TR,,CITES_EU,
99546,SPECIES,COUNTRY,TM,,CITES_EU,
99546,SPECIES,COUNTRY,UA,,CITES_EU,
99546,SPECIES,COUNTRY,UZ,,CITES_EU,
99547,SPECIES,COUNTRY,AL,,CITES_EU,
99547,SPECIES,COUNTRY,AD,,CITES_EU,
99547,SPECIES,COUNTRY,AM,,CITES_EU,
99547,SPECIES,COUNTRY,AT,,CITES_EU,
99547,SPECIES,COUNTRY,AZ,,CITES_EU,
99547,SPECIES,COUNTRY,BY,,CITES_EU,
99547,SPECIES,COUNTRY,BE,,CITES_EU,
99547,SPECIES,COUNTRY,BA,,CITES_EU,
99547,SPECIES,COUNTRY,BG,,CITES_EU,
99547,SPECIES,COUNTRY,HR,,CITES_EU,
99547,SPECIES,COUNTRY,CY,,CITES_EU,
99547,SPECIES,COUNTRY,CZ,,CITES_EU,
99547,SPECIES,COUNTRY,DK,,CITES_EU,
99547,SPECIES,COUNTRY,EE,,CITES_EU,
99547,SPECIES,COUNTRY,FI,,CITES_EU,
99547,SPECIES,COUNTRY,FR,,CITES_EU,
99547,SPECIES,COUNTRY,GE,,CITES_EU,
99547,SPECIES,COUNTRY,DE,,CITES_EU,
99547,SPECIES,COUNTRY,GR,,CITES_EU,
99547,SPECIES,COUNTRY,HU,,CITES_EU,
99547,SPECIES,COUNTRY,IR,,CITES_EU,
99547,SPECIES,COUNTRY,IE,,CITES_EU,
99547,SPECIES,COUNTRY,IL,,CITES_EU,
99547,SPECIES,COUNTRY,IT,,CITES_EU,
99547,SPECIES,COUNTRY,JO,,CITES_EU,
99547,SPECIES,COUNTRY,KZ,,CITES_EU,
99547,SPECIES,COUNTRY,KG,,CITES_EU,
99547,SPECIES,COUNTRY,LV,,CITES_EU,
99547,SPECIES,COUNTRY,LI,,CITES_EU,
99547,SPECIES,COUNTRY,LT,,CITES_EU,
99547,SPECIES,COUNTRY,LU,,CITES_EU,
99547,SPECIES,COUNTRY,MK,,CITES_EU,
99547,SPECIES,COUNTRY,MD,,CITES_EU,
99547,SPECIES,COUNTRY,MN,,CITES_EU,
99547,SPECIES,COUNTRY,ME,,CITES_EU,
99547,SPECIES,COUNTRY,NL,,CITES_EU,
99547,SPECIES,COUNTRY,NO,,CITES_EU,
99547,SPECIES,COUNTRY,PL,,CITES_EU,
99547,SPECIES,COUNTRY,PT,,CITES_EU,
99547,SPECIES,COUNTRY,RO,,CITES_EU,
99547,SPECIES,COUNTRY,RU,,CITES_EU,
99547,SPECIES,COUNTRY,RS,,CITES_EU,
99547,SPECIES,COUNTRY,SK,,CITES_EU,
99547,SPECIES,COUNTRY,SI,,CITES_EU,
99547,SPECIES,COUNTRY,ES,,CITES_EU,
99547,SPECIES,COUNTRY,SE,,CITES_EU,
99547,SPECIES,COUNTRY,CH,,CITES_EU,
99547,SPECIES,COUNTRY,SY,,CITES_EU,
99547,SPECIES,COUNTRY,TR,,CITES_EU,
99547,SPECIES,COUNTRY,TM,,CITES_EU,
99547,SPECIES,COUNTRY,UA,,CITES_EU,
99547,SPECIES,COUNTRY,GB,,CITES_EU,
99547,SPECIES,COUNTRY,UZ,,CITES_EU,
99548,SPECIES,COUNTRY,AL,,CITES_EU,
99548,SPECIES,COUNTRY,DZ,,CITES_EU,
99548,SPECIES,COUNTRY,AD,,CITES_EU,
99548,SPECIES,COUNTRY,AM,,CITES_EU,
99548,SPECIES,COUNTRY,AT,,CITES_EU,
99548,SPECIES,COUNTRY,AZ,,CITES_EU,
99548,SPECIES,COUNTRY,BH,,CITES_EU,
99548,SPECIES,COUNTRY,BY,,CITES_EU,
99548,SPECIES,COUNTRY,BE,,CITES_EU,
99548,SPECIES,COUNTRY,BA,,CITES_EU,
99548,SPECIES,COUNTRY,BG,,CITES_EU,
99548,SPECIES,COUNTRY,CN,,CITES_EU,
99548,SPECIES,COUNTRY,HR,,CITES_EU,
99548,SPECIES,COUNTRY,CY,,CITES_EU,
99548,SPECIES,COUNTRY,CZ,,CITES_EU,
99548,SPECIES,COUNTRY,DK,,CITES_EU,
99548,SPECIES,COUNTRY,DJ,,CITES_EU,
99548,SPECIES,COUNTRY,EG,,CITES_EU,
99548,SPECIES,COUNTRY,ER,,CITES_EU,
99548,SPECIES,COUNTRY,EE,,CITES_EU,
99548,SPECIES,COUNTRY,ET,,CITES_EU,
99548,SPECIES,COUNTRY,FI,,CITES_EU,
99548,SPECIES,COUNTRY,FR,,CITES_EU,
99548,SPECIES,COUNTRY,GE,,CITES_EU,
99548,SPECIES,COUNTRY,DE,,CITES_EU,
99548,SPECIES,TERRITORY,GI,,CITES_EU,
99548,SPECIES,COUNTRY,GR,,CITES_EU,
99548,SPECIES,COUNTRY,GN,,CITES_EU,
99548,SPECIES,COUNTRY,HU,,CITES_EU,
99548,SPECIES,COUNTRY,IR,,CITES_EU,
99548,SPECIES,COUNTRY,IQ,,CITES_EU,
99548,SPECIES,COUNTRY,IE,,CITES_EU,
99548,SPECIES,COUNTRY,IL,,CITES_EU,
99548,SPECIES,COUNTRY,IT,,CITES_EU,
99548,SPECIES,COUNTRY,JO,,CITES_EU,
99548,SPECIES,COUNTRY,KZ,,CITES_EU,
99548,SPECIES,COUNTRY,KW,,CITES_EU,
99548,SPECIES,COUNTRY,LV,,CITES_EU,
99548,SPECIES,COUNTRY,LB,,CITES_EU,
99548,SPECIES,COUNTRY,LY,,CITES_EU,
99548,SPECIES,COUNTRY,LI,,CITES_EU,
99548,SPECIES,COUNTRY,LT,,CITES_EU,
99548,SPECIES,COUNTRY,MK,,CITES_EU,
99548,SPECIES,COUNTRY,MT,,CITES_EU,
99548,SPECIES,COUNTRY,MR,,CITES_EU,
99548,SPECIES,COUNTRY,MD,,CITES_EU,
99548,SPECIES,COUNTRY,MN,,CITES_EU,
99548,SPECIES,COUNTRY,ME,,CITES_EU,
99548,SPECIES,COUNTRY,MA,,CITES_EU,
99548,SPECIES,COUNTRY,NL,,CITES_EU,
99548,SPECIES,COUNTRY,NG,,CITES_EU,
99548,SPECIES,COUNTRY,NO,,CITES_EU,
99548,SPECIES,COUNTRY,OM,,CITES_EU,
99548,SPECIES,COUNTRY,PL,,CITES_EU,
99548,SPECIES,COUNTRY,PT,,CITES_EU,
99548,SPECIES,COUNTRY,QA,,CITES_EU,
99548,SPECIES,COUNTRY,RO,,CITES_EU,
99548,SPECIES,COUNTRY,RU,,CITES_EU,
99548,SPECIES,COUNTRY,SA,,CITES_EU,
99548,SPECIES,COUNTRY,SN,,CITES_EU,
99548,SPECIES,COUNTRY,RS,,CITES_EU,
99548,SPECIES,COUNTRY,SL,,CITES_EU,
99548,SPECIES,COUNTRY,SK,,CITES_EU,
99548,SPECIES,COUNTRY,SI,,CITES_EU,
99548,SPECIES,COUNTRY,SO,,CITES_EU,
99548,SPECIES,COUNTRY,ES,,CITES_EU,
99548,SPECIES,COUNTRY,SD,,CITES_EU,
99548,SPECIES,COUNTRY,SE,,CITES_EU,
99548,SPECIES,COUNTRY,CH,,CITES_EU,
99548,SPECIES,COUNTRY,SY,,CITES_EU,
99548,SPECIES,COUNTRY,TN,,CITES_EU,
99548,SPECIES,COUNTRY,TR,,CITES_EU,
99548,SPECIES,COUNTRY,TM,,CITES_EU,
99548,SPECIES,COUNTRY,UA,,CITES_EU,
99548,SPECIES,COUNTRY,AE,,CITES_EU,
99548,SPECIES,COUNTRY,GB,,CITES_EU,
99548,SPECIES,COUNTRY,UZ,,CITES_EU,
99548,SPECIES,COUNTRY,YE,,CITES_EU,
10029,SPECIES,COUNTRY,MR,,CITES_EU,
10029,SPECIES,COUNTRY,PK,,CITES_EU,
10029,SPECIES,COUNTRY,RS,,CITES_EU,
4277,SPECIES,COUNTRY,PK,,CITES_EU,
4277,SPECIES,COUNTRY,RS,,CITES_EU,
4277,SPECIES,COUNTRY,AE,,CITES_EU,
4277,SPECIES,COUNTRY,BR,,CITES_EU,
9288,SPECIES,COUNTRY,CA,,CITES_EU,
10927,SPECIES,COUNTRY,JO,,CITES_EU,
10927,SPECIES,TERRITORY,MO,,CITES_EU,
10927,SPECIES,COUNTRY,RS,,CITES_EU,
10927,SPECIES,COUNTRY,TM,,CITES_EU,
10927,SPECIES,COUNTRY,AE,,CITES_EU,
9607,SPECIES,COUNTRY,BD,,CITES_EU,
9607,SPECIES,COUNTRY,IS,,CITES_EU,
9607,SPECIES,COUNTRY,ME,,CITES_EU,
9607,SPECIES,COUNTRY,RS,,CITES_EU,
9607,SPECIES,COUNTRY,AE,,CITES_EU,
10694,SPECIES,COUNTRY,CA,,CITES_EU,
10694,SPECIES,COUNTRY,HN,,CITES_EU,
10694,SPECIES,COUNTRY,RS,,CITES_EU,
5890,SPECIES,COUNTRY,BY,,CITES_EU,
5890,SPECIES,COUNTRY,RS,,CITES_EU,
5890,SPECIES,COUNTRY,TJ,,CITES_EU,
5890,SPECIES,COUNTRY,TM,,CITES_EU,
10284,SPECIES,COUNTRY,RU,,CITES_EU,
10284,SPECIES,COUNTRY,RS,,CITES_EU,
99550,SPECIES,COUNTRY,AL,,CITES_EU,
99550,SPECIES,COUNTRY,DZ,,CITES_EU,
99550,SPECIES,COUNTRY,AD,,CITES_EU,
99550,SPECIES,COUNTRY,AM,,CITES_EU,
99550,SPECIES,COUNTRY,AT,,CITES_EU,
99550,SPECIES,COUNTRY,AZ,,CITES_EU,
99550,SPECIES,COUNTRY,BH,,CITES_EU,
99550,SPECIES,COUNTRY,BY,,CITES_EU,
99550,SPECIES,COUNTRY,BE,,CITES_EU,
99550,SPECIES,COUNTRY,BA,,CITES_EU,
99550,SPECIES,COUNTRY,BG,,CITES_EU,
99550,SPECIES,COUNTRY,HR,,CITES_EU,
99550,SPECIES,COUNTRY,CY,,CITES_EU,
99550,SPECIES,COUNTRY,CZ,,CITES_EU,
99550,SPECIES,COUNTRY,DK,,CITES_EU,
99550,SPECIES,COUNTRY,EG,,CITES_EU,
99550,SPECIES,COUNTRY,EE,,CITES_EU,
99550,SPECIES,TERRITORY,FO,,CITES_EU,
99550,SPECIES,COUNTRY,FI,,CITES_EU,
99550,SPECIES,COUNTRY,FR,,CITES_EU,
99550,SPECIES,COUNTRY,GE,,CITES_EU,
99550,SPECIES,COUNTRY,DE,,CITES_EU,
99550,SPECIES,TERRITORY,GI,,CITES_EU,
99550,SPECIES,COUNTRY,GR,,CITES_EU,
99550,SPECIES,COUNTRY,HU,,CITES_EU,
99550,SPECIES,COUNTRY,IR,,CITES_EU,
99550,SPECIES,COUNTRY,IQ,,CITES_EU,
99550,SPECIES,COUNTRY,IE,,CITES_EU,
99550,SPECIES,COUNTRY,IL,,CITES_EU,
99550,SPECIES,COUNTRY,IT,,CITES_EU,
99550,SPECIES,COUNTRY,JO,,CITES_EU,
99550,SPECIES,COUNTRY,KZ,,CITES_EU,
99550,SPECIES,COUNTRY,KW,,CITES_EU,
99550,SPECIES,COUNTRY,KG,,CITES_EU,
99550,SPECIES,COUNTRY,LV,,CITES_EU,
99550,SPECIES,COUNTRY,LB,,CITES_EU,
99550,SPECIES,COUNTRY,LY,,CITES_EU,
99550,SPECIES,COUNTRY,LI,,CITES_EU,
99550,SPECIES,COUNTRY,LT,,CITES_EU,
99550,SPECIES,COUNTRY,LU,,CITES_EU,
99550,SPECIES,COUNTRY,MK,,CITES_EU,
99550,SPECIES,COUNTRY,MT,,CITES_EU,
99550,SPECIES,COUNTRY,MD,,CITES_EU,
99550,SPECIES,COUNTRY,ME,,CITES_EU,
99550,SPECIES,COUNTRY,MA,,CITES_EU,
99550,SPECIES,COUNTRY,NL,,CITES_EU,
99550,SPECIES,COUNTRY,NO,,CITES_EU,
99550,SPECIES,COUNTRY,PL,,CITES_EU,
99550,SPECIES,COUNTRY,PT,,CITES_EU,
99550,SPECIES,COUNTRY,RO,,CITES_EU,
99550,SPECIES,COUNTRY,RU,,CITES_EU,
99550,SPECIES,COUNTRY,SA,,CITES_EU,
99550,SPECIES,COUNTRY,RS,,CITES_EU,
99550,SPECIES,COUNTRY,SK,,CITES_EU,
99550,SPECIES,COUNTRY,SI,,CITES_EU,
99550,SPECIES,COUNTRY,ES,,CITES_EU,
99550,SPECIES,COUNTRY,SE,,CITES_EU,
99550,SPECIES,COUNTRY,CH,,CITES_EU,
99550,SPECIES,COUNTRY,SY,,CITES_EU,
99550,SPECIES,COUNTRY,TN,,CITES_EU,
99550,SPECIES,COUNTRY,TR,,CITES_EU,
99550,SPECIES,COUNTRY,TM,,CITES_EU,
99550,SPECIES,COUNTRY,UA,,CITES_EU,
99550,SPECIES,COUNTRY,AE,,CITES_EU,
99550,SPECIES,COUNTRY,GB,,CITES_EU,
99552,SPECIES,COUNTRY,AF,,CITES_EU,
99552,SPECIES,COUNTRY,AL,,CITES_EU,
99552,SPECIES,COUNTRY,DZ,,CITES_EU,
99552,SPECIES,COUNTRY,AM,,CITES_EU,
99552,SPECIES,COUNTRY,AT,,CITES_EU,
99552,SPECIES,COUNTRY,AZ,,CITES_EU,
99552,SPECIES,COUNTRY,BH,,CITES_EU,
99552,SPECIES,COUNTRY,BY,,CITES_EU,
99552,SPECIES,COUNTRY,BE,,CITES_EU,
99552,SPECIES,COUNTRY,BA,,CITES_EU,
99552,SPECIES,COUNTRY,BG,,CITES_EU,
99552,SPECIES,COUNTRY,HR,,CITES_EU,
99552,SPECIES,COUNTRY,CY,,CITES_EU,
99552,SPECIES,COUNTRY,CZ,,CITES_EU,
99552,SPECIES,COUNTRY,DK,,CITES_EU,
99552,SPECIES,COUNTRY,EG,,CITES_EU,
99552,SPECIES,COUNTRY,FI,,CITES_EU,
99552,SPECIES,COUNTRY,GE,,CITES_EU,
99552,SPECIES,COUNTRY,DE,,CITES_EU,
99552,SPECIES,COUNTRY,GR,,CITES_EU,
99552,SPECIES,COUNTRY,HU,,CITES_EU,
99552,SPECIES,COUNTRY,IN,,CITES_EU,
99552,SPECIES,COUNTRY,IR,,CITES_EU,
99552,SPECIES,COUNTRY,IL,,CITES_EU,
99552,SPECIES,COUNTRY,IT,,CITES_EU,
99552,SPECIES,COUNTRY,JO,,CITES_EU,
99552,SPECIES,COUNTRY,KZ,,CITES_EU,
99552,SPECIES,COUNTRY,KW,,CITES_EU,
99552,SPECIES,COUNTRY,LV,,CITES_EU,
99552,SPECIES,COUNTRY,LB,,CITES_EU,
99552,SPECIES,COUNTRY,LY,,CITES_EU,
99552,SPECIES,COUNTRY,LT,,CITES_EU,
99552,SPECIES,COUNTRY,LU,,CITES_EU,
99552,SPECIES,COUNTRY,MK,,CITES_EU,
99552,SPECIES,COUNTRY,MT,,CITES_EU,
99552,SPECIES,COUNTRY,MD,,CITES_EU,
99552,SPECIES,COUNTRY,ME,,CITES_EU,
99552,SPECIES,COUNTRY,MA,,CITES_EU,
99552,SPECIES,COUNTRY,NL,,CITES_EU,
99552,SPECIES,COUNTRY,NO,,CITES_EU,
99552,SPECIES,COUNTRY,OM,,CITES_EU,
99552,SPECIES,COUNTRY,PK,,CITES_EU,
99552,SPECIES,COUNTRY,PL,,CITES_EU,
99552,SPECIES,COUNTRY,QA,,CITES_EU,
99552,SPECIES,COUNTRY,RO,,CITES_EU,
99552,SPECIES,COUNTRY,RU,,CITES_EU,
99552,SPECIES,COUNTRY,SA,,CITES_EU,
99552,SPECIES,COUNTRY,SN,,CITES_EU,
99552,SPECIES,COUNTRY,RS,,CITES_EU,
99552,SPECIES,COUNTRY,SK,,CITES_EU,
99552,SPECIES,COUNTRY,SI,,CITES_EU,
99552,SPECIES,COUNTRY,SE,,CITES_EU,
99552,SPECIES,COUNTRY,TN,,CITES_EU,
99552,SPECIES,COUNTRY,TR,,CITES_EU,
99552,SPECIES,COUNTRY,AE,,CITES_EU,
99575,SPECIES,COUNTRY,AL,,CITES_EU,
99575,SPECIES,COUNTRY,AO,,CITES_EU,
99575,SPECIES,COUNTRY,AT,,CITES_EU,
99575,SPECIES,COUNTRY,AZ,,CITES_EU,
99575,SPECIES,COUNTRY,BY,,CITES_EU,
99575,SPECIES,COUNTRY,BE,,CITES_EU,
99575,SPECIES,COUNTRY,BA,,CITES_EU,
99575,SPECIES,COUNTRY,BW,,CITES_EU,
99575,SPECIES,COUNTRY,BG,,CITES_EU,
99575,SPECIES,COUNTRY,CD,,CITES_EU,
99575,SPECIES,COUNTRY,HR,,CITES_EU,
99575,SPECIES,COUNTRY,CY,,CITES_EU,
99575,SPECIES,COUNTRY,CZ,,CITES_EU,
99575,SPECIES,COUNTRY,DK,,CITES_EU,
99575,SPECIES,COUNTRY,EE,,CITES_EU,
99575,SPECIES,COUNTRY,FI,,CITES_EU,
99575,SPECIES,COUNTRY,FR,,CITES_EU,
99575,SPECIES,COUNTRY,GA,,CITES_EU,
99575,SPECIES,COUNTRY,DE,,CITES_EU,
99575,SPECIES,COUNTRY,GR,,CITES_EU,
99575,SPECIES,COUNTRY,HU,,CITES_EU,
99575,SPECIES,COUNTRY,IR,,CITES_EU,
99575,SPECIES,COUNTRY,IT,,CITES_EU,
99575,SPECIES,COUNTRY,KZ,,CITES_EU,
99575,SPECIES,COUNTRY,KE,,CITES_EU,
99575,SPECIES,COUNTRY,LV,,CITES_EU,
99575,SPECIES,COUNTRY,LI,,CITES_EU,
99575,SPECIES,COUNTRY,LT,,CITES_EU,
99575,SPECIES,COUNTRY,LU,,CITES_EU,
99575,SPECIES,COUNTRY,MK,,CITES_EU,
99575,SPECIES,COUNTRY,MW,,CITES_EU,
99575,SPECIES,COUNTRY,MT,,CITES_EU,
99575,SPECIES,COUNTRY,MD,,CITES_EU,
99575,SPECIES,COUNTRY,ME,,CITES_EU,
99575,SPECIES,COUNTRY,MZ,,CITES_EU,
99575,SPECIES,COUNTRY,NA,,CITES_EU,
99575,SPECIES,COUNTRY,NL,,CITES_EU,
99575,SPECIES,COUNTRY,NO,,CITES_EU,
99575,SPECIES,COUNTRY,PL,,CITES_EU,
99575,SPECIES,COUNTRY,RO,,CITES_EU,
99575,SPECIES,COUNTRY,RU,,CITES_EU,
99575,SPECIES,COUNTRY,RW,,CITES_EU,
99575,SPECIES,COUNTRY,RS,,CITES_EU,
99575,SPECIES,COUNTRY,SK,,CITES_EU,
99575,SPECIES,COUNTRY,SI,,CITES_EU,
99575,SPECIES,COUNTRY,ZA,,CITES_EU,
99575,SPECIES,COUNTRY,ES,,CITES_EU,
99575,SPECIES,COUNTRY,SZ,,CITES_EU,
99575,SPECIES,COUNTRY,SE,,CITES_EU,
99575,SPECIES,COUNTRY,CH,,CITES_EU,
99575,SPECIES,COUNTRY,TZ,,CITES_EU,
99575,SPECIES,COUNTRY,TR,,CITES_EU,
99575,SPECIES,COUNTRY,UG,,CITES_EU,
99575,SPECIES,COUNTRY,UA,,CITES_EU,
99575,SPECIES,COUNTRY,ZM,,CITES_EU,
99575,SPECIES,COUNTRY,ZW,,CITES_EU,
99553,SPECIES,COUNTRY,AF,,CITES_EU,
99553,SPECIES,COUNTRY,AL,,CITES_EU,
99553,SPECIES,COUNTRY,DZ,,CITES_EU,
99553,SPECIES,COUNTRY,AM,,CITES_EU,
99553,SPECIES,COUNTRY,AT,,CITES_EU,
99553,SPECIES,COUNTRY,AZ,,CITES_EU,
99553,SPECIES,COUNTRY,BH,,CITES_EU,
99553,SPECIES,COUNTRY,BY,,CITES_EU,
99553,SPECIES,COUNTRY,BE,,CITES_EU,
99553,SPECIES,COUNTRY,BJ,,CITES_EU,
99553,SPECIES,COUNTRY,BA,,CITES_EU,
99553,SPECIES,COUNTRY,BG,,CITES_EU,
99553,SPECIES,COUNTRY,BF,,CITES_EU,
99553,SPECIES,COUNTRY,KH,,CITES_EU,
99553,SPECIES,COUNTRY,CA,,CITES_EU,
99553,SPECIES,COUNTRY,TD,,CITES_EU,
99553,SPECIES,COUNTRY,CN,,CITES_EU,
99553,SPECIES,COUNTRY,HR,,CITES_EU,
99553,SPECIES,COUNTRY,CY,,CITES_EU,
99553,SPECIES,COUNTRY,CZ,,CITES_EU,
99553,SPECIES,COUNTRY,DK,,CITES_EU,
99553,SPECIES,COUNTRY,EG,,CITES_EU,
99553,SPECIES,COUNTRY,ER,,CITES_EU,
99553,SPECIES,COUNTRY,EE,,CITES_EU,
99553,SPECIES,COUNTRY,ET,,CITES_EU,
99553,SPECIES,COUNTRY,FI,,CITES_EU,
99553,SPECIES,COUNTRY,FR,,CITES_EU,
99553,SPECIES,COUNTRY,GE,,CITES_EU,
99553,SPECIES,COUNTRY,DE,,CITES_EU,
99553,SPECIES,COUNTRY,GH,,CITES_EU,
99553,SPECIES,TERRITORY,GI,,CITES_EU,
99553,SPECIES,COUNTRY,GR,,CITES_EU,
99553,SPECIES,TERRITORY,HK,,CITES_EU,
99553,SPECIES,COUNTRY,HU,,CITES_EU,
99553,SPECIES,COUNTRY,IN,,CITES_EU,
99553,SPECIES,COUNTRY,IR,,CITES_EU,
99553,SPECIES,COUNTRY,IQ,,CITES_EU,
99553,SPECIES,COUNTRY,IL,,CITES_EU,
99553,SPECIES,COUNTRY,IT,,CITES_EU,
99553,SPECIES,COUNTRY,JO,,CITES_EU,
99553,SPECIES,COUNTRY,KZ,,CITES_EU,
99553,SPECIES,COUNTRY,KW,,CITES_EU,
99553,SPECIES,COUNTRY,KG,,CITES_EU,
99553,SPECIES,COUNTRY,LA,,CITES_EU,
99553,SPECIES,COUNTRY,LV,,CITES_EU,
99553,SPECIES,COUNTRY,LB,,CITES_EU,
99553,SPECIES,COUNTRY,LY,,CITES_EU,
99553,SPECIES,COUNTRY,LT,,CITES_EU,
99553,SPECIES,COUNTRY,LU,,CITES_EU,
99553,SPECIES,COUNTRY,ML,,CITES_EU,
99553,SPECIES,COUNTRY,MT,,CITES_EU,
99553,SPECIES,COUNTRY,MR,,CITES_EU,
99553,SPECIES,COUNTRY,MN,,CITES_EU,
99553,SPECIES,COUNTRY,ME,,CITES_EU,
99553,SPECIES,COUNTRY,MA,,CITES_EU,
99553,SPECIES,COUNTRY,MM,,CITES_EU,
99553,SPECIES,COUNTRY,NP,,CITES_EU,
99553,SPECIES,COUNTRY,NL,,CITES_EU,
99553,SPECIES,COUNTRY,NG,,CITES_EU,
99553,SPECIES,COUNTRY,NO,,CITES_EU,
99553,SPECIES,COUNTRY,OM,,CITES_EU,
99553,SPECIES,COUNTRY,PK,,CITES_EU,
99553,SPECIES,COUNTRY,PL,,CITES_EU,
99553,SPECIES,COUNTRY,PT,,CITES_EU,
99553,SPECIES,COUNTRY,QA,,CITES_EU,
99553,SPECIES,COUNTRY,RO,,CITES_EU,
99553,SPECIES,COUNTRY,RU,,CITES_EU,
99553,SPECIES,COUNTRY,SA,,CITES_EU,
99553,SPECIES,COUNTRY,SN,,CITES_EU,
99553,SPECIES,COUNTRY,RS,,CITES_EU,
99553,SPECIES,COUNTRY,SK,,CITES_EU,
99553,SPECIES,COUNTRY,SI,,CITES_EU,
99553,SPECIES,COUNTRY,ES,,CITES_EU,
99553,SPECIES,COUNTRY,SD,,CITES_EU,
99553,SPECIES,COUNTRY,SE,,CITES_EU,
99553,SPECIES,COUNTRY,CH,,CITES_EU,
99553,SPECIES,COUNTRY,SY,,CITES_EU,
99553,SPECIES,COUNTRY,TJ,,CITES_EU,
99553,SPECIES,COUNTRY,TH,,CITES_EU,
99553,SPECIES,COUNTRY,TN,,CITES_EU,
99553,SPECIES,COUNTRY,TR,,CITES_EU,
99553,SPECIES,COUNTRY,TM,,CITES_EU,
99553,SPECIES,COUNTRY,UA,,CITES_EU,
99553,SPECIES,COUNTRY,AE,,CITES_EU,
99553,SPECIES,COUNTRY,GB,,CITES_EU,
99553,SPECIES,COUNTRY,US,,CITES_EU,
99553,SPECIES,COUNTRY,UZ,,CITES_EU,
99553,SPECIES,COUNTRY,VN,,CITES_EU,
99553,SPECIES,COUNTRY,YE,,CITES_EU,
99554,SPECIES,COUNTRY,AZ,,CITES_EU,
99554,SPECIES,COUNTRY,BY,,CITES_EU,
99554,SPECIES,COUNTRY,BW,,CITES_EU,
99554,SPECIES,COUNTRY,BG,,CITES_EU,
99554,SPECIES,COUNTRY,DK,,CITES_EU,
99554,SPECIES,COUNTRY,EE,,CITES_EU,
99554,SPECIES,COUNTRY,FI,,CITES_EU,
99554,SPECIES,COUNTRY,DE,,CITES_EU,
99554,SPECIES,COUNTRY,HU,,CITES_EU,
99554,SPECIES,COUNTRY,KZ,,CITES_EU,
99554,SPECIES,COUNTRY,KE,,CITES_EU,
99554,SPECIES,COUNTRY,LV,,CITES_EU,
99554,SPECIES,COUNTRY,LT,,CITES_EU,
99554,SPECIES,COUNTRY,MW,,CITES_EU,
99554,SPECIES,COUNTRY,MD,,CITES_EU,
99554,SPECIES,COUNTRY,MZ,,CITES_EU,
99554,SPECIES,COUNTRY,NA,,CITES_EU,
99554,SPECIES,COUNTRY,NO,,CITES_EU,
99554,SPECIES,COUNTRY,PL,,CITES_EU,
99554,SPECIES,COUNTRY,RO,,CITES_EU,
99554,SPECIES,COUNTRY,RU,,CITES_EU,
99554,SPECIES,COUNTRY,SA,,CITES_EU,
99554,SPECIES,COUNTRY,RS,,CITES_EU,
99554,SPECIES,COUNTRY,SK,,CITES_EU,
99554,SPECIES,COUNTRY,ZA,,CITES_EU,
99554,SPECIES,COUNTRY,SE,,CITES_EU,
99554,SPECIES,COUNTRY,TZ,,CITES_EU,
99554,SPECIES,COUNTRY,UG,,CITES_EU,
99554,SPECIES,COUNTRY,UA,,CITES_EU,
99554,SPECIES,COUNTRY,ZM,,CITES_EU,
99554,SPECIES,COUNTRY,ZW,,CITES_EU,
99555,SPECIES,COUNTRY,AF,,CITES_EU,
99555,SPECIES,COUNTRY,AL,,CITES_EU,
99555,SPECIES,COUNTRY,DZ,,CITES_EU,
99555,SPECIES,COUNTRY,AD,,CITES_EU,
99555,SPECIES,COUNTRY,AM,,CITES_EU,
99555,SPECIES,COUNTRY,AT,,CITES_EU,
99555,SPECIES,COUNTRY,AZ,,CITES_EU,
99555,SPECIES,COUNTRY,BE,,CITES_EU,
99555,SPECIES,COUNTRY,BJ,,CITES_EU,
99555,SPECIES,COUNTRY,BA,,CITES_EU,
99555,SPECIES,COUNTRY,BG,,CITES_EU,
99555,SPECIES,COUNTRY,BF,,CITES_EU,
99555,SPECIES,COUNTRY,CM,,CITES_EU,
99555,SPECIES,COUNTRY,CF,,CITES_EU,
99555,SPECIES,COUNTRY,TD,,CITES_EU,
99555,SPECIES,COUNTRY,CN,,CITES_EU,
99555,SPECIES,COUNTRY,CD,,CITES_EU,
99555,SPECIES,COUNTRY,CI,,CITES_EU,
99555,SPECIES,COUNTRY,HR,,CITES_EU,
99555,SPECIES,COUNTRY,CY,,CITES_EU,
99555,SPECIES,COUNTRY,CZ,,CITES_EU,
99555,SPECIES,COUNTRY,DK,,CITES_EU,
99555,SPECIES,COUNTRY,EG,,CITES_EU,
99555,SPECIES,COUNTRY,ET,,CITES_EU,
99555,SPECIES,COUNTRY,FR,,CITES_EU,
99555,SPECIES,COUNTRY,GM,,CITES_EU,
99555,SPECIES,COUNTRY,GE,,CITES_EU,
99555,SPECIES,COUNTRY,DE,,CITES_EU,
99555,SPECIES,COUNTRY,GH,,CITES_EU,
99555,SPECIES,TERRITORY,GI,,CITES_EU,
99555,SPECIES,COUNTRY,GR,,CITES_EU,
99555,SPECIES,COUNTRY,GN,,CITES_EU,
99555,SPECIES,COUNTRY,HU,,CITES_EU,
99555,SPECIES,COUNTRY,IR,,CITES_EU,
99555,SPECIES,COUNTRY,IQ,,CITES_EU,
99555,SPECIES,COUNTRY,IL,,CITES_EU,
99555,SPECIES,COUNTRY,IT,,CITES_EU,
99555,SPECIES,COUNTRY,JO,,CITES_EU,
99555,SPECIES,COUNTRY,KZ,,CITES_EU,
99555,SPECIES,COUNTRY,KE,,CITES_EU,
99555,SPECIES,COUNTRY,KG,,CITES_EU,
99555,SPECIES,COUNTRY,LB,,CITES_EU,
99555,SPECIES,COUNTRY,LR,,CITES_EU,
99555,SPECIES,COUNTRY,LY,,CITES_EU,
99555,SPECIES,COUNTRY,LI,,CITES_EU,
99555,SPECIES,COUNTRY,LU,,CITES_EU,
99555,SPECIES,COUNTRY,MK,,CITES_EU,
99555,SPECIES,COUNTRY,ML,,CITES_EU,
99555,SPECIES,COUNTRY,MT,,CITES_EU,
99555,SPECIES,COUNTRY,MR,,CITES_EU,
99555,SPECIES,COUNTRY,MD,,CITES_EU,
99555,SPECIES,COUNTRY,MN,,CITES_EU,
99555,SPECIES,COUNTRY,ME,,CITES_EU,
99555,SPECIES,COUNTRY,MA,,CITES_EU,
99555,SPECIES,COUNTRY,NL,,CITES_EU,
99555,SPECIES,COUNTRY,NG,,CITES_EU,
99555,SPECIES,COUNTRY,PL,,CITES_EU,
99555,SPECIES,COUNTRY,PT,,CITES_EU,
99555,SPECIES,COUNTRY,RO,,CITES_EU,
99555,SPECIES,COUNTRY,RU,,CITES_EU,
99555,SPECIES,COUNTRY,SN,,CITES_EU,
99555,SPECIES,COUNTRY,RS,,CITES_EU,
99555,SPECIES,COUNTRY,SL,,CITES_EU,
99555,SPECIES,COUNTRY,SK,,CITES_EU,
99555,SPECIES,COUNTRY,SI,,CITES_EU,
99555,SPECIES,COUNTRY,SO,,CITES_EU,
99555,SPECIES,COUNTRY,SS,,CITES_EU,
99555,SPECIES,COUNTRY,ES,,CITES_EU,
99555,SPECIES,COUNTRY,SD,,CITES_EU,
99555,SPECIES,COUNTRY,CH,,CITES_EU,
99555,SPECIES,COUNTRY,SY,,CITES_EU,
99555,SPECIES,COUNTRY,TJ,,CITES_EU,
99555,SPECIES,COUNTRY,TZ,,CITES_EU,
99555,SPECIES,COUNTRY,TG,,CITES_EU,
99555,SPECIES,COUNTRY,TN,,CITES_EU,
99555,SPECIES,COUNTRY,TR,,CITES_EU,
99555,SPECIES,COUNTRY,TM,,CITES_EU,
99555,SPECIES,COUNTRY,UG,,CITES_EU,
99555,SPECIES,COUNTRY,UA,,CITES_EU,
99555,SPECIES,COUNTRY,GB,,CITES_EU,
99555,SPECIES,COUNTRY,UZ,,CITES_EU,
99557,SPECIES,COUNTRY,AF,,CITES_EU,
99557,SPECIES,COUNTRY,AL,,CITES_EU,
99557,SPECIES,COUNTRY,DZ,,CITES_EU,
99557,SPECIES,COUNTRY,AD,,CITES_EU,
99557,SPECIES,COUNTRY,AM,,CITES_EU,
99557,SPECIES,COUNTRY,AT,,CITES_EU,
99557,SPECIES,COUNTRY,AZ,,CITES_EU,
99557,SPECIES,COUNTRY,BH,,CITES_EU,
99557,SPECIES,COUNTRY,BA,,CITES_EU,
99557,SPECIES,COUNTRY,BG,,CITES_EU,
99557,SPECIES,COUNTRY,CM,,CITES_EU,
99557,SPECIES,COUNTRY,CF,,CITES_EU,
99557,SPECIES,COUNTRY,TD,,CITES_EU,
99557,SPECIES,COUNTRY,CN,,CITES_EU,
99557,SPECIES,COUNTRY,CD,,CITES_EU,
99557,SPECIES,COUNTRY,HR,,CITES_EU,
99557,SPECIES,COUNTRY,CY,,CITES_EU,
99557,SPECIES,COUNTRY,CZ,,CITES_EU,
99557,SPECIES,COUNTRY,EG,,CITES_EU,
99557,SPECIES,COUNTRY,ER,,CITES_EU,
99557,SPECIES,COUNTRY,ET,,CITES_EU,
99557,SPECIES,COUNTRY,FR,,CITES_EU,
99557,SPECIES,COUNTRY,GM,,CITES_EU,
99557,SPECIES,COUNTRY,GE,,CITES_EU,
99557,SPECIES,COUNTRY,DE,,CITES_EU,
99557,SPECIES,COUNTRY,GH,,CITES_EU,
99557,SPECIES,TERRITORY,GI,,CITES_EU,
99557,SPECIES,COUNTRY,GR,,CITES_EU,
99557,SPECIES,COUNTRY,GN,,CITES_EU,
99557,SPECIES,COUNTRY,GW,,CITES_EU,
99557,SPECIES,COUNTRY,HU,,CITES_EU,
99557,SPECIES,COUNTRY,IR,,CITES_EU,
99557,SPECIES,COUNTRY,IQ,,CITES_EU,
99557,SPECIES,COUNTRY,IL,,CITES_EU,
99557,SPECIES,COUNTRY,IT,,CITES_EU,
99557,SPECIES,COUNTRY,JO,,CITES_EU,
99557,SPECIES,COUNTRY,KZ,,CITES_EU,
99557,SPECIES,COUNTRY,KE,,CITES_EU,
99557,SPECIES,COUNTRY,KW,,CITES_EU,
99557,SPECIES,COUNTRY,KG,,CITES_EU,
99557,SPECIES,COUNTRY,LB,,CITES_EU,
99557,SPECIES,COUNTRY,LR,,CITES_EU,
99557,SPECIES,COUNTRY,LY,,CITES_EU,
99557,SPECIES,COUNTRY,MK,,CITES_EU,
99557,SPECIES,COUNTRY,ML,,CITES_EU,
99557,SPECIES,COUNTRY,MT,,CITES_EU,
99557,SPECIES,COUNTRY,MR,,CITES_EU,
99557,SPECIES,COUNTRY,MD,,CITES_EU,
99557,SPECIES,COUNTRY,MN,,CITES_EU,
99557,SPECIES,COUNTRY,ME,,CITES_EU,
99557,SPECIES,COUNTRY,MA,,CITES_EU,
99557,SPECIES,COUNTRY,NG,,CITES_EU,
99557,SPECIES,COUNTRY,OM,,CITES_EU,
99557,SPECIES,COUNTRY,PK,,CITES_EU,
99557,SPECIES,COUNTRY,PL,,CITES_EU,
99557,SPECIES,COUNTRY,PT,,CITES_EU,
99557,SPECIES,COUNTRY,QA,,CITES_EU,
99557,SPECIES,COUNTRY,RO,,CITES_EU,
99557,SPECIES,COUNTRY,RU,,CITES_EU,
99557,SPECIES,COUNTRY,SA,,CITES_EU,
99557,SPECIES,COUNTRY,SN,,CITES_EU,
99557,SPECIES,COUNTRY,RS,,CITES_EU,
99557,SPECIES,COUNTRY,SL,,CITES_EU,
99557,SPECIES,COUNTRY,SK,,CITES_EU,
99557,SPECIES,COUNTRY,SI,,CITES_EU,
99557,SPECIES,COUNTRY,SO,,CITES_EU,
99557,SPECIES,COUNTRY,SS,,CITES_EU,
99557,SPECIES,COUNTRY,ES,,CITES_EU,
99557,SPECIES,COUNTRY,SD,,CITES_EU,
99557,SPECIES,COUNTRY,CH,,CITES_EU,
99557,SPECIES,COUNTRY,SY,,CITES_EU,
99557,SPECIES,COUNTRY,TJ,,CITES_EU,
99557,SPECIES,COUNTRY,TZ,,CITES_EU,
99557,SPECIES,COUNTRY,TN,,CITES_EU,
99557,SPECIES,COUNTRY,TR,,CITES_EU,
99557,SPECIES,COUNTRY,TM,,CITES_EU,
99557,SPECIES,COUNTRY,UG,,CITES_EU,
99557,SPECIES,COUNTRY,UA,,CITES_EU,
99557,SPECIES,COUNTRY,AE,,CITES_EU,
99557,SPECIES,COUNTRY,UZ,,CITES_EU,
99557,SPECIES,COUNTRY,YE,,CITES_EU,
99570,SPECIES,COUNTRY,AL,,CITES_EU,
99570,SPECIES,COUNTRY,DZ,,CITES_EU,
99570,SPECIES,COUNTRY,AD,,CITES_EU,
99570,SPECIES,COUNTRY,AM,,CITES_EU,
99570,SPECIES,COUNTRY,AT,,CITES_EU,
99570,SPECIES,COUNTRY,AZ,,CITES_EU,
99570,SPECIES,COUNTRY,BH,,CITES_EU,
99570,SPECIES,COUNTRY,BY,,CITES_EU,
99570,SPECIES,COUNTRY,BE,,CITES_EU,
99570,SPECIES,COUNTRY,BA,,CITES_EU,
99570,SPECIES,COUNTRY,BG,,CITES_EU,
99570,SPECIES,COUNTRY,BF,,CITES_EU,
99570,SPECIES,COUNTRY,BI,,CITES_EU,
99570,SPECIES,COUNTRY,CV,,CITES_EU,
99570,SPECIES,COUNTRY,CD,,CITES_EU,
99570,SPECIES,COUNTRY,CI,,CITES_EU,
99570,SPECIES,COUNTRY,HR,,CITES_EU,
99570,SPECIES,COUNTRY,CY,,CITES_EU,
99570,SPECIES,COUNTRY,CZ,,CITES_EU,
99570,SPECIES,COUNTRY,DK,,CITES_EU,
99570,SPECIES,COUNTRY,DJ,,CITES_EU,
99570,SPECIES,COUNTRY,EG,,CITES_EU,
99570,SPECIES,COUNTRY,ER,,CITES_EU,
99570,SPECIES,COUNTRY,EE,,CITES_EU,
99570,SPECIES,COUNTRY,ET,,CITES_EU,
99570,SPECIES,TERRITORY,FO,,CITES_EU,
99570,SPECIES,COUNTRY,FI,,CITES_EU,
99570,SPECIES,COUNTRY,FR,,CITES_EU,
99570,SPECIES,COUNTRY,GM,,CITES_EU,
99570,SPECIES,COUNTRY,GE,,CITES_EU,
99570,SPECIES,COUNTRY,DE,,CITES_EU,
99570,SPECIES,COUNTRY,GH,,CITES_EU,
99570,SPECIES,TERRITORY,GI,,CITES_EU,
99570,SPECIES,COUNTRY,GR,,CITES_EU,
99570,SPECIES,COUNTRY,GN,,CITES_EU,
99570,SPECIES,COUNTRY,GW,,CITES_EU,
99570,SPECIES,COUNTRY,HU,,CITES_EU,
99570,SPECIES,COUNTRY,IS,,CITES_EU,
99570,SPECIES,COUNTRY,IR,,CITES_EU,
99570,SPECIES,COUNTRY,IE,,CITES_EU,
99570,SPECIES,COUNTRY,IL,,CITES_EU,
99570,SPECIES,COUNTRY,IT,,CITES_EU,
99570,SPECIES,COUNTRY,JO,,CITES_EU,
99570,SPECIES,COUNTRY,KE,,CITES_EU,
99570,SPECIES,COUNTRY,KW,,CITES_EU,
99570,SPECIES,COUNTRY,LV,,CITES_EU,
99570,SPECIES,COUNTRY,LB,,CITES_EU,
99570,SPECIES,COUNTRY,LR,,CITES_EU,
99570,SPECIES,COUNTRY,LY,,CITES_EU,
99570,SPECIES,COUNTRY,LI,,CITES_EU,
99570,SPECIES,COUNTRY,LT,,CITES_EU,
99570,SPECIES,COUNTRY,LU,,CITES_EU,
99570,SPECIES,COUNTRY,MK,,CITES_EU,
99570,SPECIES,COUNTRY,MW,,CITES_EU,
99570,SPECIES,COUNTRY,ML,,CITES_EU,
99570,SPECIES,COUNTRY,MT,,CITES_EU,
99570,SPECIES,COUNTRY,MR,,CITES_EU,
99570,SPECIES,COUNTRY,MD,,CITES_EU,
99570,SPECIES,COUNTRY,ME,,CITES_EU,
99570,SPECIES,COUNTRY,MA,,CITES_EU,
99570,SPECIES,COUNTRY,NL,,CITES_EU,
99570,SPECIES,COUNTRY,NE,,CITES_EU,
99570,SPECIES,COUNTRY,NG,,CITES_EU,
99570,SPECIES,COUNTRY,NO,,CITES_EU,
99570,SPECIES,COUNTRY,OM,,CITES_EU,
99570,SPECIES,COUNTRY,PL,,CITES_EU,
99570,SPECIES,COUNTRY,PT,,CITES_EU,
99570,SPECIES,COUNTRY,QA,,CITES_EU,
99570,SPECIES,COUNTRY,RO,,CITES_EU,
99570,SPECIES,COUNTRY,RU,,CITES_EU,
99570,SPECIES,COUNTRY,SA,,CITES_EU,
99570,SPECIES,COUNTRY,SN,,CITES_EU,
99570,SPECIES,COUNTRY,RS,,CITES_EU,
99570,SPECIES,COUNTRY,SL,,CITES_EU,
99570,SPECIES,COUNTRY,SK,,CITES_EU,
99570,SPECIES,COUNTRY,SI,,CITES_EU,
99570,SPECIES,COUNTRY,SO,,CITES_EU,
99570,SPECIES,COUNTRY,SS,,CITES_EU,
99570,SPECIES,COUNTRY,ES,,CITES_EU,
99570,SPECIES,COUNTRY,SD,,CITES_EU,
99570,SPECIES,COUNTRY,SE,,CITES_EU,
99570,SPECIES,COUNTRY,CH,,CITES_EU,
99570,SPECIES,COUNTRY,SY,,CITES_EU,
99570,SPECIES,COUNTRY,TZ,,CITES_EU,
99570,SPECIES,COUNTRY,TN,,CITES_EU,
99570,SPECIES,COUNTRY,TR,,CITES_EU,
99570,SPECIES,COUNTRY,UG,,CITES_EU,
99570,SPECIES,COUNTRY,UA,,CITES_EU,
99570,SPECIES,COUNTRY,AE,,CITES_EU,
99570,SPECIES,COUNTRY,GB,,CITES_EU,
99570,SPECIES,COUNTRY,YE,,CITES_EU,
99570,SPECIES,COUNTRY,ZM,,CITES_EU,
99571,SPECIES,COUNTRY,AL,,CITES_EU,
99571,SPECIES,COUNTRY,DZ,,CITES_EU,
99571,SPECIES,COUNTRY,AD,,CITES_EU,
99571,SPECIES,COUNTRY,AO,,CITES_EU,
99571,SPECIES,COUNTRY,AM,,CITES_EU,
99571,SPECIES,COUNTRY,AT,,CITES_EU,
99571,SPECIES,COUNTRY,AZ,,CITES_EU,
99571,SPECIES,COUNTRY,BY,,CITES_EU,
99571,SPECIES,COUNTRY,BE,,CITES_EU,
99571,SPECIES,COUNTRY,BA,,CITES_EU,
99571,SPECIES,COUNTRY,BW,,CITES_EU,
99571,SPECIES,COUNTRY,BG,,CITES_EU,
99571,SPECIES,COUNTRY,BF,,CITES_EU,
99571,SPECIES,COUNTRY,BI,,CITES_EU,
99571,SPECIES,COUNTRY,CM,,CITES_EU,
99571,SPECIES,COUNTRY,CF,,CITES_EU,
99571,SPECIES,COUNTRY,TD,,CITES_EU,
99571,SPECIES,COUNTRY,CG,,CITES_EU,
99571,SPECIES,COUNTRY,CD,,CITES_EU,
99571,SPECIES,COUNTRY,CI,,CITES_EU,
99571,SPECIES,COUNTRY,HR,,CITES_EU,
99571,SPECIES,COUNTRY,CY,,CITES_EU,
99571,SPECIES,COUNTRY,CZ,,CITES_EU,
99571,SPECIES,COUNTRY,DK,,CITES_EU,
99571,SPECIES,COUNTRY,GQ,,CITES_EU,
99571,SPECIES,COUNTRY,ER,,CITES_EU,
99571,SPECIES,COUNTRY,EE,,CITES_EU,
99571,SPECIES,COUNTRY,ET,,CITES_EU,
99571,SPECIES,TERRITORY,FO,,CITES_EU,
99571,SPECIES,COUNTRY,FI,,CITES_EU,
99571,SPECIES,COUNTRY,FR,,CITES_EU,
99571,SPECIES,COUNTRY,GA,,CITES_EU,
99571,SPECIES,COUNTRY,GM,,CITES_EU,
99571,SPECIES,COUNTRY,GE,,CITES_EU,
99571,SPECIES,COUNTRY,DE,,CITES_EU,
99571,SPECIES,COUNTRY,GH,,CITES_EU,
99571,SPECIES,COUNTRY,GR,,CITES_EU,
99571,SPECIES,COUNTRY,GN,,CITES_EU,
99571,SPECIES,COUNTRY,GW,,CITES_EU,
99571,SPECIES,COUNTRY,HU,,CITES_EU,
99571,SPECIES,COUNTRY,IE,,CITES_EU,
99571,SPECIES,COUNTRY,IT,,CITES_EU,
99571,SPECIES,COUNTRY,KZ,,CITES_EU,
99571,SPECIES,COUNTRY,KE,,CITES_EU,
99571,SPECIES,COUNTRY,LV,,CITES_EU,
99571,SPECIES,COUNTRY,LR,,CITES_EU,
99571,SPECIES,COUNTRY,LI,,CITES_EU,
99571,SPECIES,COUNTRY,LT,,CITES_EU,
99571,SPECIES,COUNTRY,LU,,CITES_EU,
99571,SPECIES,COUNTRY,MK,,CITES_EU,
99571,SPECIES,COUNTRY,MW,,CITES_EU,
99571,SPECIES,COUNTRY,ML,,CITES_EU,
99571,SPECIES,COUNTRY,MT,,CITES_EU,
99571,SPECIES,COUNTRY,MR,,CITES_EU,
99571,SPECIES,COUNTRY,MD,,CITES_EU,
99571,SPECIES,COUNTRY,ME,,CITES_EU,
99571,SPECIES,COUNTRY,MA,,CITES_EU,
99571,SPECIES,COUNTRY,MZ,,CITES_EU,
99571,SPECIES,COUNTRY,NA,,CITES_EU,
99571,SPECIES,COUNTRY,NL,,CITES_EU,
99571,SPECIES,COUNTRY,NG,,CITES_EU,
99571,SPECIES,COUNTRY,NO,,CITES_EU,
99571,SPECIES,COUNTRY,PL,,CITES_EU,
99571,SPECIES,COUNTRY,PT,,CITES_EU,
99571,SPECIES,COUNTRY,RO,,CITES_EU,
99571,SPECIES,COUNTRY,RU,,CITES_EU,
99571,SPECIES,COUNTRY,RW,,CITES_EU,
99571,SPECIES,COUNTRY,SN,,CITES_EU,
99571,SPECIES,COUNTRY,RS,,CITES_EU,
99571,SPECIES,COUNTRY,SL,,CITES_EU,
99571,SPECIES,COUNTRY,SK,,CITES_EU,
99571,SPECIES,COUNTRY,SI,,CITES_EU,
99571,SPECIES,COUNTRY,ZA,,CITES_EU,
99571,SPECIES,COUNTRY,SS,,CITES_EU,
99571,SPECIES,COUNTRY,ES,,CITES_EU,
99571,SPECIES,COUNTRY,SZ,,CITES_EU,
99571,SPECIES,COUNTRY,SE,,CITES_EU,
99571,SPECIES,COUNTRY,CH,,CITES_EU,
99571,SPECIES,COUNTRY,TZ,,CITES_EU,
99571,SPECIES,COUNTRY,TG,,CITES_EU,
99571,SPECIES,COUNTRY,TR,,CITES_EU,
99571,SPECIES,COUNTRY,UG,,CITES_EU,
99571,SPECIES,COUNTRY,UA,,CITES_EU,
99571,SPECIES,COUNTRY,GB,,CITES_EU,
99571,SPECIES,COUNTRY,ZM,,CITES_EU,
99571,SPECIES,COUNTRY,ZW,,CITES_EU,
99572,SPECIES,COUNTRY,AF,,CITES_EU,
99572,SPECIES,COUNTRY,AL,,CITES_EU,
99572,SPECIES,COUNTRY,AM,,CITES_EU,
99572,SPECIES,COUNTRY,AT,,CITES_EU,
99572,SPECIES,COUNTRY,AZ,,CITES_EU,
99572,SPECIES,COUNTRY,BH,,CITES_EU,
99572,SPECIES,COUNTRY,BY,,CITES_EU,
99572,SPECIES,COUNTRY,BE,,CITES_EU,
99572,SPECIES,COUNTRY,BA,,CITES_EU,
99572,SPECIES,COUNTRY,BG,,CITES_EU,
99572,SPECIES,COUNTRY,CM,,CITES_EU,
99572,SPECIES,COUNTRY,TD,,CITES_EU,
99572,SPECIES,COUNTRY,CN,,CITES_EU,
99572,SPECIES,COUNTRY,HR,,CITES_EU,
99572,SPECIES,COUNTRY,CY,,CITES_EU,
99572,SPECIES,COUNTRY,CZ,,CITES_EU,
99572,SPECIES,COUNTRY,DK,,CITES_EU,
99572,SPECIES,COUNTRY,DJ,,CITES_EU,
99572,SPECIES,COUNTRY,EG,,CITES_EU,
99572,SPECIES,COUNTRY,ER,,CITES_EU,
99572,SPECIES,COUNTRY,EE,,CITES_EU,
99572,SPECIES,COUNTRY,ET,,CITES_EU,
99572,SPECIES,TERRITORY,FO,,CITES_EU,
99572,SPECIES,COUNTRY,FI,,CITES_EU,
99572,SPECIES,COUNTRY,FR,,CITES_EU,
99572,SPECIES,COUNTRY,GE,,CITES_EU,
99572,SPECIES,COUNTRY,DE,,CITES_EU,
99572,SPECIES,COUNTRY,GR,,CITES_EU,
99572,SPECIES,COUNTRY,HU,,CITES_EU,
99572,SPECIES,COUNTRY,IN,,CITES_EU,
99572,SPECIES,COUNTRY,IR,,CITES_EU,
99572,SPECIES,COUNTRY,IQ,,CITES_EU,
99572,SPECIES,COUNTRY,IE,,CITES_EU,
99572,SPECIES,COUNTRY,IL,,CITES_EU,
99572,SPECIES,COUNTRY,IT,,CITES_EU,
99572,SPECIES,COUNTRY,JO,,CITES_EU,
99572,SPECIES,COUNTRY,KZ,,CITES_EU,
99572,SPECIES,COUNTRY,KW,,CITES_EU,
99572,SPECIES,COUNTRY,KG,,CITES_EU,
99572,SPECIES,COUNTRY,LV,,CITES_EU,
99572,SPECIES,COUNTRY,LB,,CITES_EU,
99572,SPECIES,COUNTRY,LI,,CITES_EU,
99572,SPECIES,COUNTRY,LT,,CITES_EU,
99572,SPECIES,COUNTRY,LU,,CITES_EU,
99572,SPECIES,COUNTRY,ML,,CITES_EU,
99572,SPECIES,COUNTRY,MT,,CITES_EU,
99572,SPECIES,COUNTRY,MR,,CITES_EU,
99572,SPECIES,COUNTRY,MD,,CITES_EU,
99572,SPECIES,COUNTRY,MN,,CITES_EU,
99572,SPECIES,COUNTRY,ME,,CITES_EU,
99572,SPECIES,COUNTRY,NP,,CITES_EU,
99572,SPECIES,COUNTRY,NL,,CITES_EU,
99572,SPECIES,COUNTRY,NE,,CITES_EU,
99572,SPECIES,COUNTRY,NG,,CITES_EU,
99572,SPECIES,COUNTRY,MK,,CITES_EU,
99572,SPECIES,COUNTRY,NO,,CITES_EU,
99572,SPECIES,COUNTRY,OM,,CITES_EU,
99572,SPECIES,COUNTRY,PK,,CITES_EU,
99572,SPECIES,COUNTRY,PL,,CITES_EU,
99572,SPECIES,COUNTRY,QA,,CITES_EU,
99572,SPECIES,COUNTRY,RO,,CITES_EU,
99572,SPECIES,COUNTRY,RU,,CITES_EU,
99572,SPECIES,COUNTRY,SA,,CITES_EU,
99572,SPECIES,COUNTRY,SN,,CITES_EU,
99572,SPECIES,COUNTRY,RS,,CITES_EU,
99572,SPECIES,COUNTRY,SK,,CITES_EU,
99572,SPECIES,COUNTRY,SI,,CITES_EU,
99572,SPECIES,COUNTRY,SS,,CITES_EU,
99572,SPECIES,COUNTRY,ES,,CITES_EU,
99572,SPECIES,COUNTRY,LK,,CITES_EU,
99572,SPECIES,COUNTRY,SD,,CITES_EU,
99572,SPECIES,COUNTRY,SE,,CITES_EU,
99572,SPECIES,COUNTRY,CH,,CITES_EU,
99572,SPECIES,COUNTRY,SY,,CITES_EU,
99572,SPECIES,COUNTRY,TJ,,CITES_EU,
99572,SPECIES,COUNTRY,TR,,CITES_EU,
99572,SPECIES,COUNTRY,TM,,CITES_EU,
99572,SPECIES,COUNTRY,UA,,CITES_EU,
99572,SPECIES,COUNTRY,AE,,CITES_EU,
99572,SPECIES,COUNTRY,GB,,CITES_EU,
99572,SPECIES,COUNTRY,UZ,,CITES_EU,
99572,SPECIES,COUNTRY,YE,,CITES_EU,
99577,SPECIES,COUNTRY,AL,,CITES_EU,
99577,SPECIES,COUNTRY,AM,,CITES_EU,
99577,SPECIES,COUNTRY,AT,,CITES_EU,
99577,SPECIES,COUNTRY,AZ,,CITES_EU,
99577,SPECIES,COUNTRY,BY,,CITES_EU,
99577,SPECIES,COUNTRY,BA,,CITES_EU,
99577,SPECIES,COUNTRY,BG,,CITES_EU,
99577,SPECIES,COUNTRY,CN,,CITES_EU,
99577,SPECIES,COUNTRY,HR,,CITES_EU,
99577,SPECIES,COUNTRY,CY,,CITES_EU,
99577,SPECIES,COUNTRY,CZ,,CITES_EU,
99577,SPECIES,COUNTRY,DK,,CITES_EU,
99577,SPECIES,COUNTRY,DJ,,CITES_EU,
99577,SPECIES,COUNTRY,ER,,CITES_EU,
99577,SPECIES,COUNTRY,EE,,CITES_EU,
99577,SPECIES,COUNTRY,ET,,CITES_EU,
99577,SPECIES,COUNTRY,FI,,CITES_EU,
99577,SPECIES,COUNTRY,GE,,CITES_EU,
99577,SPECIES,COUNTRY,DE,,CITES_EU,
99577,SPECIES,COUNTRY,GR,,CITES_EU,
99577,SPECIES,COUNTRY,HU,,CITES_EU,
99577,SPECIES,COUNTRY,IR,,CITES_EU,
99577,SPECIES,COUNTRY,IT,,CITES_EU,
99577,SPECIES,COUNTRY,KZ,,CITES_EU,
99577,SPECIES,COUNTRY,KE,,CITES_EU,
99577,SPECIES,COUNTRY,KG,,CITES_EU,
99577,SPECIES,COUNTRY,LV,,CITES_EU,
99577,SPECIES,COUNTRY,LT,,CITES_EU,
99577,SPECIES,COUNTRY,MK,,CITES_EU,
99577,SPECIES,COUNTRY,MD,,CITES_EU,
99577,SPECIES,COUNTRY,MN,,CITES_EU,
99577,SPECIES,COUNTRY,ME,,CITES_EU,
99577,SPECIES,COUNTRY,NO,,CITES_EU,
99577,SPECIES,COUNTRY,PL,,CITES_EU,
99577,SPECIES,COUNTRY,RO,,CITES_EU,
99577,SPECIES,COUNTRY,RU,,CITES_EU,
99577,SPECIES,COUNTRY,RS,,CITES_EU,
99577,SPECIES,COUNTRY,SK,,CITES_EU,
99577,SPECIES,COUNTRY,SI,,CITES_EU,
99577,SPECIES,COUNTRY,SS,,CITES_EU,
99577,SPECIES,COUNTRY,SD,,CITES_EU,
99577,SPECIES,COUNTRY,SE,,CITES_EU,
99577,SPECIES,COUNTRY,CH,,CITES_EU,
99577,SPECIES,COUNTRY,SY,,CITES_EU,
99577,SPECIES,COUNTRY,TJ,,CITES_EU,
99577,SPECIES,COUNTRY,TZ,,CITES_EU,
99577,SPECIES,COUNTRY,TR,,CITES_EU,
99577,SPECIES,COUNTRY,TM,,CITES_EU,
99577,SPECIES,COUNTRY,UG,,CITES_EU,
99577,SPECIES,COUNTRY,UA,,CITES_EU,
99577,SPECIES,COUNTRY,UZ,,CITES_EU,
99577,SPECIES,COUNTRY,YE,,CITES_EU,
99558,SPECIES,COUNTRY,AF,,CITES_EU,
99558,SPECIES,COUNTRY,AL,,CITES_EU,
99558,SPECIES,COUNTRY,DZ,,CITES_EU,
99558,SPECIES,COUNTRY,AD,,CITES_EU,
99558,SPECIES,COUNTRY,AM,,CITES_EU,
99558,SPECIES,COUNTRY,AT,,CITES_EU,
99558,SPECIES,COUNTRY,AZ,,CITES_EU,
99558,SPECIES,COUNTRY,BY,,CITES_EU,
99558,SPECIES,COUNTRY,BE,,CITES_EU,
99558,SPECIES,COUNTRY,BA,,CITES_EU,
99558,SPECIES,COUNTRY,BG,,CITES_EU,
99558,SPECIES,COUNTRY,CN,,CITES_EU,
99558,SPECIES,COUNTRY,HR,,CITES_EU,
99558,SPECIES,COUNTRY,CY,,CITES_EU,
99558,SPECIES,COUNTRY,CZ,,CITES_EU,
99558,SPECIES,COUNTRY,DK,,CITES_EU,
99558,SPECIES,COUNTRY,EE,,CITES_EU,
99558,SPECIES,TERRITORY,FO,,CITES_EU,
99558,SPECIES,COUNTRY,FI,,CITES_EU,
99558,SPECIES,COUNTRY,FR,,CITES_EU,
99558,SPECIES,COUNTRY,GE,,CITES_EU,
99558,SPECIES,COUNTRY,DE,,CITES_EU,
99558,SPECIES,TERRITORY,GI,,CITES_EU,
99558,SPECIES,COUNTRY,GR,,CITES_EU,
99558,SPECIES,COUNTRY,HU,,CITES_EU,
99558,SPECIES,COUNTRY,IS,,CITES_EU,
99558,SPECIES,COUNTRY,IR,,CITES_EU,
99558,SPECIES,COUNTRY,IQ,,CITES_EU,
99558,SPECIES,COUNTRY,IE,,CITES_EU,
99558,SPECIES,COUNTRY,IL,,CITES_EU,
99558,SPECIES,COUNTRY,IT,,CITES_EU,
99558,SPECIES,COUNTRY,JO,,CITES_EU,
99558,SPECIES,COUNTRY,KW,,CITES_EU,
99558,SPECIES,COUNTRY,LV,,CITES_EU,
99558,SPECIES,COUNTRY,LY,,CITES_EU,
99558,SPECIES,COUNTRY,LB,,CITES_EU,
99558,SPECIES,COUNTRY,LI,,CITES_EU,
99558,SPECIES,COUNTRY,LT,,CITES_EU,
99558,SPECIES,COUNTRY,LU,,CITES_EU,
99558,SPECIES,COUNTRY,MK,,CITES_EU,
99558,SPECIES,COUNTRY,MT,,CITES_EU,
99558,SPECIES,COUNTRY,MD,,CITES_EU,
99558,SPECIES,COUNTRY,ME,,CITES_EU,
99558,SPECIES,COUNTRY,MA,,CITES_EU,
99558,SPECIES,COUNTRY,NL,,CITES_EU,
99558,SPECIES,COUNTRY,NO,,CITES_EU,
99558,SPECIES,COUNTRY,PL,,CITES_EU,
99558,SPECIES,COUNTRY,PT,,CITES_EU,
99558,SPECIES,COUNTRY,RO,,CITES_EU,
99558,SPECIES,COUNTRY,RU,,CITES_EU,
99558,SPECIES,COUNTRY,SA,,CITES_EU,
99558,SPECIES,COUNTRY,RS,,CITES_EU,
99558,SPECIES,COUNTRY,SK,,CITES_EU,
99558,SPECIES,COUNTRY,SI,,CITES_EU,
99558,SPECIES,COUNTRY,ES,,CITES_EU,
99558,SPECIES,COUNTRY,SE,,CITES_EU,
99558,SPECIES,COUNTRY,CH,,CITES_EU,
99558,SPECIES,COUNTRY,SY,,CITES_EU,
99558,SPECIES,COUNTRY,TN,,CITES_EU,
99558,SPECIES,COUNTRY,TR,,CITES_EU,
99558,SPECIES,COUNTRY,UA,,CITES_EU,
99558,SPECIES,COUNTRY,AE,,CITES_EU,
99558,SPECIES,COUNTRY,GB,,CITES_EU,
99558,SPECIES,COUNTRY,AU,,CITES_EU,
99558,SPECIES,COUNTRY,NZ,,CITES_EU,
99558,SPECIES,COUNTRY,UZ,,CITES_EU,
99558,SPECIES,COUNTRY,TM,,CITES_EU,
99558,SPECIES,COUNTRY,KG,,CITES_EU,
99558,SPECIES,COUNTRY,TJ,,CITES_EU,
99558,SPECIES,COUNTRY,KZ,,CITES_EU,
99558,SPECIES,COUNTRY,MN,,CITES_EU,
99558,SPECIES,COUNTRY,PK,,CITES_EU,
99559,SPECIES,COUNTRY,AL,,CITES_EU,
99559,SPECIES,COUNTRY,DZ,,CITES_EU,
99559,SPECIES,COUNTRY,AD,,CITES_EU,
99559,SPECIES,COUNTRY,AM,,CITES_EU,
99559,SPECIES,COUNTRY,AT,,CITES_EU,
99559,SPECIES,COUNTRY,AZ,,CITES_EU,
99559,SPECIES,COUNTRY,BH,,CITES_EU,
99559,SPECIES,COUNTRY,BY,,CITES_EU,
99559,SPECIES,COUNTRY,BE,,CITES_EU,
99559,SPECIES,COUNTRY,BA,,CITES_EU,
99559,SPECIES,COUNTRY,BG,,CITES_EU,
99559,SPECIES,COUNTRY,HR,,CITES_EU,
99559,SPECIES,COUNTRY,CY,,CITES_EU,
99559,SPECIES,COUNTRY,CZ,,CITES_EU,
99559,SPECIES,COUNTRY,DK,,CITES_EU,
99559,SPECIES,COUNTRY,DJ,,CITES_EU,
99559,SPECIES,COUNTRY,EG,,CITES_EU,
99559,SPECIES,COUNTRY,ER,,CITES_EU,
99559,SPECIES,COUNTRY,EE,,CITES_EU,
99559,SPECIES,COUNTRY,ET,,CITES_EU,
99559,SPECIES,COUNTRY,ER,,CITES_EU,
99559,SPECIES,TERRITORY,FO,,CITES_EU,
99559,SPECIES,COUNTRY,FI,,CITES_EU,
99559,SPECIES,COUNTRY,FR,,CITES_EU,
99559,SPECIES,COUNTRY,GE,,CITES_EU,
99559,SPECIES,COUNTRY,DE,,CITES_EU,
99559,SPECIES,TERRITORY,GI,,CITES_EU,
99559,SPECIES,COUNTRY,GR,,CITES_EU,
99559,SPECIES,COUNTRY,HU,,CITES_EU,
99559,SPECIES,COUNTRY,IR,,CITES_EU,
99559,SPECIES,COUNTRY,IQ,,CITES_EU,
99559,SPECIES,COUNTRY,IE,,CITES_EU,
99559,SPECIES,COUNTRY,IL,,CITES_EU,
99559,SPECIES,COUNTRY,IT,,CITES_EU,
99559,SPECIES,COUNTRY,JO,,CITES_EU,
99559,SPECIES,COUNTRY,KZ,,CITES_EU,
99559,SPECIES,COUNTRY,KW,,CITES_EU,
99559,SPECIES,COUNTRY,LV,,CITES_EU,
99559,SPECIES,COUNTRY,LB,,CITES_EU,
99559,SPECIES,COUNTRY,LY,,CITES_EU,
99559,SPECIES,COUNTRY,LI,,CITES_EU,
99559,SPECIES,COUNTRY,LT,,CITES_EU,
99559,SPECIES,COUNTRY,LU,,CITES_EU,
99559,SPECIES,COUNTRY,MK,,CITES_EU,
99559,SPECIES,COUNTRY,MT,,CITES_EU,
99559,SPECIES,COUNTRY,MR,,CITES_EU,
99559,SPECIES,COUNTRY,MD,,CITES_EU,
99559,SPECIES,COUNTRY,MN,,CITES_EU,
99559,SPECIES,COUNTRY,ME,,CITES_EU,
99559,SPECIES,COUNTRY,MA,,CITES_EU,
99559,SPECIES,COUNTRY,NL,,CITES_EU,
99559,SPECIES,COUNTRY,NO,,CITES_EU,
99559,SPECIES,COUNTRY,OM,,CITES_EU,
99559,SPECIES,COUNTRY,PL,,CITES_EU,
99559,SPECIES,COUNTRY,PT,,CITES_EU,
99559,SPECIES,COUNTRY,QA,,CITES_EU,
99559,SPECIES,COUNTRY,RO,,CITES_EU,
99559,SPECIES,COUNTRY,RU,,CITES_EU,
99559,SPECIES,COUNTRY,SA,,CITES_EU,
99559,SPECIES,COUNTRY,RS,,CITES_EU,
99559,SPECIES,COUNTRY,SK,,CITES_EU,
99559,SPECIES,COUNTRY,SI,,CITES_EU,
99559,SPECIES,COUNTRY,ES,,CITES_EU,
99559,SPECIES,COUNTRY,SD,,CITES_EU,
99559,SPECIES,COUNTRY,SE,,CITES_EU,
99559,SPECIES,COUNTRY,CH,,CITES_EU,
99559,SPECIES,COUNTRY,SY,,CITES_EU,
99559,SPECIES,COUNTRY,TN,,CITES_EU,
99559,SPECIES,COUNTRY,TR,,CITES_EU,
99559,SPECIES,COUNTRY,UA,,CITES_EU,
99559,SPECIES,COUNTRY,AE,,CITES_EU,
99559,SPECIES,COUNTRY,GB,,CITES_EU,
99559,SPECIES,COUNTRY,AU,,CITES_EU,
99559,SPECIES,COUNTRY,NZ,,CITES_EU,
99560,SPECIES,COUNTRY,AL,,CITES_EU,
99560,SPECIES,COUNTRY,DZ,,CITES_EU,
99560,SPECIES,COUNTRY,AD,,CITES_EU,
99560,SPECIES,COUNTRY,AO,,CITES_EU,
99560,SPECIES,COUNTRY,AM,,CITES_EU,
99560,SPECIES,COUNTRY,AT,,CITES_EU,
99560,SPECIES,COUNTRY,AZ,,CITES_EU,
99560,SPECIES,COUNTRY,BH,,CITES_EU,
99560,SPECIES,COUNTRY,BY,,CITES_EU,
99560,SPECIES,COUNTRY,BE,,CITES_EU,
99560,SPECIES,COUNTRY,BA,,CITES_EU,
99560,SPECIES,COUNTRY,BW,,CITES_EU,
99560,SPECIES,COUNTRY,BG,,CITES_EU,
99560,SPECIES,COUNTRY,BI,,CITES_EU,
99560,SPECIES,COUNTRY,CM,,CITES_EU,
99560,SPECIES,COUNTRY,CF,,CITES_EU,
99560,SPECIES,COUNTRY,TD,,CITES_EU,
99560,SPECIES,COUNTRY,CN,,CITES_EU,
99560,SPECIES,COUNTRY,KM,,CITES_EU,
99560,SPECIES,COUNTRY,CD,,CITES_EU,
99560,SPECIES,COUNTRY,HR,,CITES_EU,
99560,SPECIES,COUNTRY,CY,,CITES_EU,
99560,SPECIES,COUNTRY,CZ,,CITES_EU,
99560,SPECIES,COUNTRY,DK,,CITES_EU,
99560,SPECIES,COUNTRY,DJ,,CITES_EU,
99560,SPECIES,COUNTRY,EG,,CITES_EU,
99560,SPECIES,COUNTRY,GQ,,CITES_EU,
99560,SPECIES,COUNTRY,ER,,CITES_EU,
99560,SPECIES,COUNTRY,EE,,CITES_EU,
99560,SPECIES,COUNTRY,ET,,CITES_EU,
99560,SPECIES,COUNTRY,FI,,CITES_EU,
99560,SPECIES,COUNTRY,FR,,CITES_EU,
99560,SPECIES,COUNTRY,GE,,CITES_EU,
99560,SPECIES,COUNTRY,DE,,CITES_EU,
99560,SPECIES,TERRITORY,GI,,CITES_EU,
99560,SPECIES,COUNTRY,GR,,CITES_EU,
99560,SPECIES,COUNTRY,HU,,CITES_EU,
99560,SPECIES,COUNTRY,IR,,CITES_EU,
99560,SPECIES,COUNTRY,IQ,,CITES_EU,
99560,SPECIES,COUNTRY,IL,,CITES_EU,
99560,SPECIES,COUNTRY,IT,,CITES_EU,
99560,SPECIES,COUNTRY,JO,,CITES_EU,
99560,SPECIES,COUNTRY,KZ,,CITES_EU,
99560,SPECIES,COUNTRY,KE,,CITES_EU,
99560,SPECIES,COUNTRY,KW,,CITES_EU,
99560,SPECIES,COUNTRY,LV,,CITES_EU,
99560,SPECIES,COUNTRY,LB,,CITES_EU,
99560,SPECIES,COUNTRY,LY,,CITES_EU,
99560,SPECIES,COUNTRY,LI,,CITES_EU,
99560,SPECIES,COUNTRY,LT,,CITES_EU,
99560,SPECIES,COUNTRY,LU,,CITES_EU,
99560,SPECIES,COUNTRY,MK,,CITES_EU,
99560,SPECIES,COUNTRY,MW,,CITES_EU,
99560,SPECIES,COUNTRY,MT,,CITES_EU,
99560,SPECIES,TERRITORY,YT,,CITES_EU,
99560,SPECIES,COUNTRY,MD,,CITES_EU,
99560,SPECIES,COUNTRY,MN,,CITES_EU,
99560,SPECIES,COUNTRY,ME,,CITES_EU,
99560,SPECIES,COUNTRY,MA,,CITES_EU,
99560,SPECIES,COUNTRY,MZ,,CITES_EU,
99560,SPECIES,COUNTRY,NA,,CITES_EU,
99560,SPECIES,COUNTRY,NL,,CITES_EU,
99560,SPECIES,COUNTRY,NO,,CITES_EU,
99560,SPECIES,COUNTRY,OM,,CITES_EU,
99560,SPECIES,COUNTRY,PL,,CITES_EU,
99560,SPECIES,COUNTRY,PT,,CITES_EU,
99560,SPECIES,COUNTRY,QA,,CITES_EU,
99560,SPECIES,COUNTRY,RO,,CITES_EU,
99560,SPECIES,COUNTRY,RU,,CITES_EU,
99560,SPECIES,COUNTRY,RW,,CITES_EU,
99560,SPECIES,COUNTRY,SA,,CITES_EU,
99560,SPECIES,COUNTRY,RS,,CITES_EU,
99560,SPECIES,COUNTRY,SK,,CITES_EU,
99560,SPECIES,COUNTRY,SI,,CITES_EU,
99560,SPECIES,COUNTRY,SO,,CITES_EU,
99560,SPECIES,COUNTRY,ZA,,CITES_EU,
99560,SPECIES,COUNTRY,SS,,CITES_EU,
99560,SPECIES,COUNTRY,ES,,CITES_EU,
99560,SPECIES,COUNTRY,SD,,CITES_EU,
99560,SPECIES,COUNTRY,SZ,,CITES_EU,
99560,SPECIES,COUNTRY,SE,,CITES_EU,
99560,SPECIES,COUNTRY,CH,,CITES_EU,
99560,SPECIES,COUNTRY,SY,,CITES_EU,
99560,SPECIES,COUNTRY,TZ,,CITES_EU,
99560,SPECIES,COUNTRY,TN,,CITES_EU,
99560,SPECIES,COUNTRY,TR,,CITES_EU,
99560,SPECIES,COUNTRY,UG,,CITES_EU,
99560,SPECIES,COUNTRY,UA,,CITES_EU,
99560,SPECIES,COUNTRY,AE,,CITES_EU,
99560,SPECIES,COUNTRY,GB,,CITES_EU,
99560,SPECIES,COUNTRY,YE,,CITES_EU,
99560,SPECIES,COUNTRY,ZM,,CITES_EU,
99560,SPECIES,COUNTRY,ZW,,CITES_EU,
99576,SPECIES,COUNTRY,AF,,CITES_EU,
99576,SPECIES,COUNTRY,AL,,CITES_EU,
99576,SPECIES,COUNTRY,DZ,,CITES_EU,
99576,SPECIES,COUNTRY,AD,,CITES_EU,
99576,SPECIES,COUNTRY,AM,,CITES_EU,
99576,SPECIES,COUNTRY,AT,,CITES_EU,
99576,SPECIES,COUNTRY,AZ,,CITES_EU,
99576,SPECIES,COUNTRY,BY,,CITES_EU,
99576,SPECIES,COUNTRY,BE,,CITES_EU,
99576,SPECIES,COUNTRY,BT,,CITES_EU,
99576,SPECIES,COUNTRY,BA,,CITES_EU,
99576,SPECIES,COUNTRY,BG,,CITES_EU,
99576,SPECIES,COUNTRY,CN,,CITES_EU,
99576,SPECIES,COUNTRY,HR,,CITES_EU,
99576,SPECIES,COUNTRY,CY,,CITES_EU,
99576,SPECIES,COUNTRY,CZ,,CITES_EU,
99576,SPECIES,COUNTRY,DK,,CITES_EU,
99576,SPECIES,COUNTRY,EE,,CITES_EU,
99576,SPECIES,COUNTRY,FI,,CITES_EU,
99576,SPECIES,COUNTRY,FR,,CITES_EU,
99576,SPECIES,COUNTRY,GE,,CITES_EU,
99576,SPECIES,COUNTRY,DE,,CITES_EU,
99576,SPECIES,COUNTRY,GR,,CITES_EU,
99576,SPECIES,COUNTRY,HU,,CITES_EU,
99576,SPECIES,COUNTRY,IN,,CITES_EU,
99576,SPECIES,COUNTRY,IR,,CITES_EU,
99576,SPECIES,COUNTRY,IE,,CITES_EU,
99576,SPECIES,COUNTRY,IT,,CITES_EU,
99576,SPECIES,COUNTRY,JP,,CITES_EU,
99576,SPECIES,COUNTRY,KZ,,CITES_EU,
99576,SPECIES,COUNTRY,KP,,CITES_EU,
99576,SPECIES,COUNTRY,KR,,CITES_EU,
99576,SPECIES,COUNTRY,KG,,CITES_EU,
99576,SPECIES,COUNTRY,LV,,CITES_EU,
99576,SPECIES,COUNTRY,LB,,CITES_EU,
99576,SPECIES,COUNTRY,LI,,CITES_EU,
99576,SPECIES,COUNTRY,LT,,CITES_EU,
99576,SPECIES,COUNTRY,LU,,CITES_EU,
99576,SPECIES,COUNTRY,MK,,CITES_EU,
99576,SPECIES,COUNTRY,MN,,CITES_EU,
99576,SPECIES,COUNTRY,ME,,CITES_EU,
99576,SPECIES,COUNTRY,MA,,CITES_EU,
99576,SPECIES,COUNTRY,MM,,CITES_EU,
99576,SPECIES,COUNTRY,NP,,CITES_EU,
99576,SPECIES,COUNTRY,NL,,CITES_EU,
99576,SPECIES,COUNTRY,NO,,CITES_EU,
99576,SPECIES,COUNTRY,PK,,CITES_EU,
99576,SPECIES,COUNTRY,PL,,CITES_EU,
99576,SPECIES,COUNTRY,PT,,CITES_EU,
99576,SPECIES,COUNTRY,RO,,CITES_EU,
99576,SPECIES,COUNTRY,RU,,CITES_EU,
99576,SPECIES,COUNTRY,RS,,CITES_EU,
99576,SPECIES,COUNTRY,SK,,CITES_EU,
99576,SPECIES,COUNTRY,SI,,CITES_EU,
99576,SPECIES,COUNTRY,ES,,CITES_EU,
99576,SPECIES,COUNTRY,SE,,CITES_EU,
99576,SPECIES,COUNTRY,CH,,CITES_EU,
99576,SPECIES,COUNTRY,SY,,CITES_EU,
99576,SPECIES,TERRITORY,TW,,CITES_EU,
99576,SPECIES,COUNTRY,TJ,,CITES_EU,
99576,SPECIES,COUNTRY,TN,,CITES_EU,
99576,SPECIES,COUNTRY,TR,,CITES_EU,
99576,SPECIES,COUNTRY,TM,,CITES_EU,
99576,SPECIES,COUNTRY,UA,,CITES_EU,
99576,SPECIES,COUNTRY,GB,,CITES_EU,
99576,SPECIES,COUNTRY,UZ,,CITES_EU,
99561,SPECIES,COUNTRY,AF,,CITES_EU,
99561,SPECIES,COUNTRY,AL,,CITES_EU,
99561,SPECIES,COUNTRY,DZ,,CITES_EU,
99561,SPECIES,COUNTRY,AD,,CITES_EU,
99561,SPECIES,COUNTRY,AM,,CITES_EU,
99561,SPECIES,COUNTRY,AT,,CITES_EU,
99561,SPECIES,COUNTRY,AZ,,CITES_EU,
99561,SPECIES,COUNTRY,BY,,CITES_EU,
99561,SPECIES,COUNTRY,BE,,CITES_EU,
99561,SPECIES,COUNTRY,BT,,CITES_EU,
99561,SPECIES,COUNTRY,BA,,CITES_EU,
99561,SPECIES,COUNTRY,BG,,CITES_EU,
99561,SPECIES,COUNTRY,CN,,CITES_EU,
99561,SPECIES,COUNTRY,HR,,CITES_EU,
99561,SPECIES,COUNTRY,CY,,CITES_EU,
99561,SPECIES,COUNTRY,CZ,,CITES_EU,
99561,SPECIES,COUNTRY,DK,,CITES_EU,
99561,SPECIES,COUNTRY,EE,,CITES_EU,
99561,SPECIES,TERRITORY,FO,,CITES_EU,
99561,SPECIES,COUNTRY,FI,,CITES_EU,
99561,SPECIES,COUNTRY,FR,,CITES_EU,
99561,SPECIES,COUNTRY,GE,,CITES_EU,
99561,SPECIES,COUNTRY,DE,,CITES_EU,
99561,SPECIES,TERRITORY,GI,,CITES_EU,
99561,SPECIES,COUNTRY,GR,,CITES_EU,
99561,SPECIES,COUNTRY,HU,,CITES_EU,
99561,SPECIES,COUNTRY,IS,,CITES_EU,
99561,SPECIES,COUNTRY,IN,,CITES_EU,
99561,SPECIES,COUNTRY,IR,,CITES_EU,
99561,SPECIES,COUNTRY,IQ,,CITES_EU,
99561,SPECIES,COUNTRY,IE,,CITES_EU,
99561,SPECIES,COUNTRY,IL,,CITES_EU,
99561,SPECIES,COUNTRY,IT,,CITES_EU,
99561,SPECIES,COUNTRY,JP,,CITES_EU,
99561,SPECIES,COUNTRY,JO,,CITES_EU,
99561,SPECIES,COUNTRY,KZ,,CITES_EU,
99561,SPECIES,COUNTRY,KP,,CITES_EU,
99561,SPECIES,COUNTRY,KR,,CITES_EU,
99561,SPECIES,COUNTRY,KG,,CITES_EU,
99561,SPECIES,COUNTRY,LV,,CITES_EU,
99561,SPECIES,COUNTRY,LB,,CITES_EU,
99561,SPECIES,COUNTRY,LY,,CITES_EU,
99561,SPECIES,COUNTRY,LI,,CITES_EU,
99561,SPECIES,COUNTRY,LT,,CITES_EU,
99561,SPECIES,COUNTRY,LU,,CITES_EU,
99561,SPECIES,COUNTRY,MK,,CITES_EU,
99561,SPECIES,COUNTRY,MT,,CITES_EU,
99561,SPECIES,COUNTRY,MD,,CITES_EU,
99561,SPECIES,COUNTRY,MN,,CITES_EU,
99561,SPECIES,COUNTRY,ME,,CITES_EU,
99561,SPECIES,COUNTRY,MA,,CITES_EU,
99561,SPECIES,COUNTRY,MM,,CITES_EU,
99561,SPECIES,COUNTRY,NP,,CITES_EU,
99561,SPECIES,COUNTRY,NL,,CITES_EU,
99561,SPECIES,COUNTRY,NO,,CITES_EU,
99561,SPECIES,COUNTRY,PK,,CITES_EU,
99561,SPECIES,COUNTRY,PL,,CITES_EU,
99561,SPECIES,COUNTRY,PT,,CITES_EU,
99561,SPECIES,COUNTRY,RO,,CITES_EU,
99561,SPECIES,COUNTRY,RU,,CITES_EU,
99561,SPECIES,COUNTRY,RS,,CITES_EU,
99561,SPECIES,COUNTRY,SK,,CITES_EU,
99561,SPECIES,COUNTRY,SI,,CITES_EU,
99561,SPECIES,COUNTRY,ES,,CITES_EU,
99561,SPECIES,COUNTRY,SE,,CITES_EU,
99561,SPECIES,COUNTRY,CH,,CITES_EU,
99561,SPECIES,COUNTRY,SY,,CITES_EU,
99561,SPECIES,TERRITORY,TW,,CITES_EU,
99561,SPECIES,COUNTRY,TJ,,CITES_EU,
99561,SPECIES,COUNTRY,TN,,CITES_EU,
99561,SPECIES,COUNTRY,TR,,CITES_EU,
99561,SPECIES,COUNTRY,TM,,CITES_EU,
99561,SPECIES,COUNTRY,UA,,CITES_EU,
99561,SPECIES,COUNTRY,GB,,CITES_EU,
99561,SPECIES,COUNTRY,UZ,,CITES_EU,
99579,SPECIES,COUNTRY,AU,,CITES_EU,
99579,SPECIES,COUNTRY,CA,,CITES_EU,
99579,SPECIES,COUNTRY,NZ,,CITES_EU,
99579,SPECIES,COUNTRY,US,,CITES_EU,
99579,SPECIES,COUNTRY,AF,,CITES_EU,
99579,SPECIES,COUNTRY,AL,,CITES_EU,
99579,SPECIES,COUNTRY,DZ,,CITES_EU,
99579,SPECIES,COUNTRY,AD,,CITES_EU,
99579,SPECIES,COUNTRY,AM,,CITES_EU,
99579,SPECIES,COUNTRY,AT,,CITES_EU,
99579,SPECIES,COUNTRY,AZ,,CITES_EU,
99579,SPECIES,COUNTRY,BH,,CITES_EU,
99579,SPECIES,COUNTRY,BY,,CITES_EU,
99579,SPECIES,COUNTRY,BE,,CITES_EU,
99579,SPECIES,COUNTRY,BA,,CITES_EU,
99579,SPECIES,COUNTRY,BG,,CITES_EU,
99579,SPECIES,COUNTRY,CN,,CITES_EU,
99579,SPECIES,COUNTRY,HR,,CITES_EU,
99579,SPECIES,COUNTRY,CY,,CITES_EU,
99579,SPECIES,COUNTRY,CZ,,CITES_EU,
99579,SPECIES,COUNTRY,DK,,CITES_EU,
99579,SPECIES,COUNTRY,EG,,CITES_EU,
99579,SPECIES,COUNTRY,EE,,CITES_EU,
99579,SPECIES,TERRITORY,FO,,CITES_EU,
99579,SPECIES,COUNTRY,FI,,CITES_EU,
99579,SPECIES,COUNTRY,FR,,CITES_EU,
99579,SPECIES,COUNTRY,GE,,CITES_EU,
99579,SPECIES,COUNTRY,DE,,CITES_EU,
99579,SPECIES,TERRITORY,GI,,CITES_EU,
99579,SPECIES,COUNTRY,GR,,CITES_EU,
99579,SPECIES,COUNTRY,HU,,CITES_EU,
99579,SPECIES,COUNTRY,IN,,CITES_EU,
99579,SPECIES,COUNTRY,IR,,CITES_EU,
99579,SPECIES,COUNTRY,IQ,,CITES_EU,
99579,SPECIES,COUNTRY,IE,,CITES_EU,
99579,SPECIES,COUNTRY,IL,,CITES_EU,
99579,SPECIES,COUNTRY,IT,,CITES_EU,
99579,SPECIES,COUNTRY,JP,,CITES_EU,
99579,SPECIES,COUNTRY,JO,,CITES_EU,
99579,SPECIES,COUNTRY,KZ,,CITES_EU,
99579,SPECIES,COUNTRY,KP,,CITES_EU,
99579,SPECIES,COUNTRY,KR,,CITES_EU,
99579,SPECIES,COUNTRY,KW,,CITES_EU,
99579,SPECIES,COUNTRY,KG,,CITES_EU,
99579,SPECIES,COUNTRY,LV,,CITES_EU,
99579,SPECIES,COUNTRY,LB,,CITES_EU,
99579,SPECIES,COUNTRY,LY,,CITES_EU,
99579,SPECIES,COUNTRY,LI,,CITES_EU,
99579,SPECIES,COUNTRY,LT,,CITES_EU,
99579,SPECIES,COUNTRY,LU,,CITES_EU,
99579,SPECIES,COUNTRY,MK,,CITES_EU,
99579,SPECIES,COUNTRY,MT,,CITES_EU,
99579,SPECIES,COUNTRY,MD,,CITES_EU,
99579,SPECIES,COUNTRY,MN,,CITES_EU,
99579,SPECIES,COUNTRY,ME,,CITES_EU,
99579,SPECIES,COUNTRY,MA,,CITES_EU,
99579,SPECIES,COUNTRY,NL,,CITES_EU,
99579,SPECIES,COUNTRY,NO,,CITES_EU,
99579,SPECIES,COUNTRY,OM,,CITES_EU,
99579,SPECIES,COUNTRY,PK,,CITES_EU,
99579,SPECIES,COUNTRY,PL,,CITES_EU,
99579,SPECIES,COUNTRY,PT,,CITES_EU,
99579,SPECIES,COUNTRY,QA,,CITES_EU,
99579,SPECIES,COUNTRY,RO,,CITES_EU,
99579,SPECIES,COUNTRY,RU,,CITES_EU,
99579,SPECIES,COUNTRY,SM,,CITES_EU,
99579,SPECIES,COUNTRY,SA,,CITES_EU,
99579,SPECIES,COUNTRY,RS,,CITES_EU,
99579,SPECIES,COUNTRY,SK,,CITES_EU,
99579,SPECIES,COUNTRY,SI,,CITES_EU,
99579,SPECIES,COUNTRY,ES,,CITES_EU,
99579,SPECIES,COUNTRY,SE,,CITES_EU,
99579,SPECIES,COUNTRY,CH,,CITES_EU,
99579,SPECIES,COUNTRY,SY,,CITES_EU,
99579,SPECIES,COUNTRY,TJ,,CITES_EU,
99579,SPECIES,COUNTRY,TN,,CITES_EU,
99579,SPECIES,COUNTRY,TR,,CITES_EU,
99579,SPECIES,COUNTRY,TM,,CITES_EU,
99579,SPECIES,COUNTRY,UA,,CITES_EU,
99579,SPECIES,COUNTRY,AE,,CITES_EU,
99579,SPECIES,COUNTRY,GB,,CITES_EU,
99579,SPECIES,COUNTRY,UZ,,CITES_EU,
