Date,Manual ID,Title,Language,Master Document ID,Volume,Type,General/Parts,PDF Filename
1999,C-100.000.000.001,CITES ID Manual - Ivory - Parts and Derivatives,EN,,4,CITES ID Manual,Parts and Derivatives,C-100.000.000.001 Ivory_E.pdf
1999,C-100.000.000.001,Manual de identificación de la CITES - Marfil - Partes y Derivados,ES,C-100.000.000.001,4,CITES ID Manual,Parts and Derivatives,C-100.000.000.001 Marfil_S.pdf
1999,C-100.000.000.001,Manuel d'identification de la CITES - Ivoire - Parties et Produits,FR,C-100.000.000.001,4,CITES ID Manual,Parts and Derivatives,C-100.000.000.001 Ivoire_F.pdf
1989,C-111.000.000.001,CITES ID Manual - Cetacea - Teeth - Parts and Derivatives,EN,,4,CITES ID Manual,Parts and Derivatives,C-111.000.000.001 Whale teeth_EN.pdf
1989,C-111.000.000.001,Manual de identificación de la CITES - Cetacea - Dientes - Partes y Derivados,ES,C-111.000.000.001,4,CITES ID Manual,Parts and Derivatives,C-111.000.000.001 Dientes de Ballena_S.pdf
1989,C-111.000.000.002,CITES ID Manual - Cetacea - Parts and Derivatives,EN,,4,CITES ID Manual,Parts and Derivatives,C-111.000.000.002 Baleen Fanons Ballenas_EN.pdf
1989,C-111.000.000.002,Manual de identificación de la CITES - Cetacea - Partes y Derivados,ES,C-111.000.000.002,4,CITES ID Manual,Parts and Derivatives,C-111.000.000.002 Baleen Fanons Ballenas_S.pdf
1981,F-100.000.000.002,CITES ID Manual - Mammalia - Parts and Derivatives,EN,,4,CITES ID Manual,Parts and Derivatives,F-100.000.000.002 Fur skins_EN.pdf
1981,F-100.000.000.002,Manual de identificación de la CITES - Mammalia - Partes y Derivados,ES,F-100.000.000.002,4,CITES ID Manual,Parts and Derivatives,F-100.000.000.002 Pieles_S.pdf
1985,F-106.000.000.001,CITES ID Manual - Primates - Parts and Derivatives - General notes (skins),EN,,4,CITES ID Manual,Parts and Derivatives,F-106.000.000.001 Primates Fur Skins_EN.pdf
1985,F-106.000.000.001,Manual de identificación de la CITES - Primates - Partes y Derivados - Notas generales (pieles),ES,F-106.000.000.001,4,CITES ID Manual,Parts and Derivatives,F-106.000.000.001 Primates Pieles_S.pdf
1985,F-106.000.000.001,Manuel d'identification de la CITES - Primates - Parties et Produits - Remarques générales (fourrures),FR,F-106.000.000.001,4,CITES ID Manual,Parts and Derivatives,F-106.000.000.001 Primates Fourrures_F.pdf
1985,F-106.000.000.002,CITES ID Manual - Colobus - Parts and Derivatives,EN,,4,CITES ID Manual,Parts and Derivatives,F-106.000.000.002 Colobus Fur Skins_EN.pdf
1985,F-106.000.000.002,Manual de identificación de la CITES - Colobus - Partes y Derivados,ES,F-106.000.000.002,4,CITES ID Manual,Parts and Derivatives,F-106.000.000.002 Colobus Pieles_S.pdf
1986,F-106.008.002.006,CITES ID Manual - Cercopithecus diana - Parts and Derivatives,EN,,4,CITES ID Manual,Parts and Derivatives,F-106.008.002.006 Cercopithecus diana_EN.pdf
1985,F-106.008.002.009,CITES ID Manual - Cercopithecus hamlyni - Parts and Derivatives,EN,,4,CITES ID Manual,Parts and Derivatives,F-106.008.002.009 Cercopithecus hamlyni_EN.pdf
1985,F-106.008.002.009,Manual de identificación de la CITES - Cercopithecus hamlyni - Partes y Derivados,ES,F-106.008.002.009,4,CITES ID Manual,Parts and Derivatives,F-106.008.002.009 Cercopithecus hamlyni_S.pdf
1985,F-106.008.002.011,CITES ID Manual - Cercopithecus mitis albogularis - Parts and Derivatives,EN,,4,CITES ID Manual,Parts and Derivatives,F-106.008.002.011 Cercopithecus mitis albogularis_EN.pdf
1985,F-106.008.002.011,Manual de identificación de la CITES - Cercopithecus mitis albogularis - Partes y Derivados,ES,F-106.008.002.011,4,CITES ID Manual,Parts and Derivatives,F-106.008.002.011 Cercopithecus mitis albogularis_S.pdf
1985,F-106.008.006.002,CITES ID Manual - Colobus guereza - Parts and Derivatives,EN,,4,CITES ID Manual,Parts and Derivatives,F-106.008.006.002 Colobus guereza_EN.pdf
1985,F-106.008.006.002,Manual de identificación de la CITES - Colobus guereza - Partes y Derivados,ES,F-106.008.006.002,4,CITES ID Manual,Parts and Derivatives,F-106.008.006.002 Colobus guereza_S.pdf
1985,F-106.008.006.004,CITES ID Manual - Colobus polykomos - Parts and Derivatives,EN,,4,CITES ID Manual,Parts and Derivatives,F-106.008.006.004 Colobus polykomos_E.pdf
1985,F-106.008.006.004,Manual de identificación de la CITES - Colobus polykomos - Partes y Derivados,ES,F-106.008.006.004,4,CITES ID Manual,Parts and Derivatives,F-106.008.006.004 Colubus polykomos_S.pdf
1983,F-112.000.000.001,CITES ID Manual - Carnivora - Fur skins - Parts and Derivatives,EN,,4,CITES ID Manual,Parts and Derivatives,F-112.000.000.001 Carnivora - Fur skins_EN.pdf
1983,F-112.000.000.001,Manual de identificación de la CITES - Carnivora - Pieles - Partes y Derivados,ES,F-112.000.000.001,4,CITES ID Manual,Parts and Derivatives,F-112.000.000.001 Carnivora - Pieles_S.pdf
1983,F-112.000.000.001,Manuel d'identification de la CITES - Carnivora - Parties et Produits,FR,F-112.000.000.001,4,CITES ID Manual,Parts and Derivatives,F-112.000.000.003 Carnivora - Identification_F.pdf
1983,F-112.000.000.003,CITES ID Manual - Carnivora - Parts and Derivatives,EN,,4,CITES ID Manual,Parts and Derivatives,F-112.000.000.003 Carnivora - Identification_EN.pdf
1983,F-112.000.000.003,Manual de identificación de la CITES - Carnivora - Partes y Derivados,ES,F-112.000.000.003,4,CITES ID Manual,Parts and Derivatives,F-112.000.000.003 Carnivora - Identificacción_S.pdf
1985,F-112.001.000.001,CITES ID Manual - Canidae - Parts and Derivatives - Fur skins,EN,,4,CITES ID Manual,Parts and Derivatives,F-112.001.000.001 Canidae - Fur skins_EN.pdf
1985,F-112.001.000.001,Manual de identificación de la CITES - Canidae - Partes y Derivados - Pieles,ES,F-112.001.000.001,4,CITES ID Manual,Parts and Derivatives,F-112.001.000.001 Canidae - Pieles_S.pdf
1985,F-112.001.000.001,Manuel d'identification de la CITES - Canidae - Parties et Produits - Fourrures,FR,F-112.001.000.001,4,CITES ID Manual,Parts and Derivatives,F-112.001.000.001 Canidae - Fourrures_F.pdf
1985,F-112.001.000.003,CITES ID Manual - Canidae - Parts and Derivatives,EN,,4,CITES ID Manual,Parts and Derivatives,F-112.001.000.003 Canidae - Identification_EN.pdf
1985,F-112.001.000.003,Manual de identificación de la CITES - Canidae - Partes y Derivados,ES,F-112.001.000.003,4,CITES ID Manual,Parts and Derivatives,F-112.001.000.003 Canidae - Identificación_S.pdf
1985,F-112.001.003.002,CITES ID Manual - Canis aureus - Parts and Derivatives,EN,,4,CITES ID Manual,Parts and Derivatives,F-112.001.003.002 Canis aureus_E.pdf
1985,F-112.001.003.002,Manual de identificación de la CITES - Canis aureus - Partes y Derivados,ES,F-112.001.003.002,4,CITES ID Manual,Parts and Derivatives,F-112.001.003.002 Canis aureus_S.pdf
1985,F-112.001.003.003,CITES ID Manual - Canis lupus familiaris - Parts and Derivatives,EN,,4,CITES ID Manual,Parts and Derivatives,F-112.001.003.003 Canis lupus f. familiaris_EN.pdf
1985,F-112.001.003.003,Manual de identificación de la CITES - Canis lupus familiaris - Partes y Derivados,ES,F-112.001.003.003,4,CITES ID Manual,Parts and Derivatives,F-112.001.003.003 Canis lupus f. familiaris_S.pdf
1985,F-112.001.003.005,CITES ID Manual - Canis lupus - Parts and Derivatives,EN,,4,CITES ID Manual,Parts and Derivatives,F-112.001.003.005 Canis lupus_EN.pdf
1985,F-112.001.003.005,Manual de identificación de la CITES - Canis lupus - Partes y Derivados,ES,F-112.001.003.005,4,CITES ID Manual,Parts and Derivatives,F-112.001.003.005 Canis lupus_S.pdf
1985,F-112.001.004.001,CITES ID Manual - Cerdocyon thous - Parts and Derivatives,EN,,4,CITES ID Manual,Parts and Derivatives,F-112.001.004.001 Dusicyon thuos_EN.pdf
1985,F-112.001.007.001,CITES ID Manual - Lycalopex culpaeus - Parts and Derivatives,EN,,4,CITES ID Manual,Parts and Derivatives,F-112.001.007.001 Dusicyon culpaeus_EN.pdf
1985,F-112.001.007.001,Manual de identificación de la CITES - Lycalopex culpaeus - Partes y Derivados,ES,F-112.001.007.001,4,CITES ID Manual,Parts and Derivatives,F-112.001.007.001 Dusicyon culpaeus_S.pdf
1985,F-112.001.007.002a,CITES ID Manual - Lycalopex griseus - Parts and Derivatives,EN,,4,CITES ID Manual,Parts and Derivatives,F-112.001.007.002a Dusicyon griseus griseus_EN.pdf
1985,F-112.001.007.002a,Manual de identificación de la CITES - Lycalopex griseus - Partes y Derivados,ES,F-112.001.007.002a,4,CITES ID Manual,Parts and Derivatives,F-112.001.007.002b Dusicyon griseus graciles_S.pdf
1985,F-112.001.007.003a,CITES ID Manual - Lycalopex gymnocercus - Parts and Derivatives,EN,,4,CITES ID Manual,Parts and Derivatives,F-112.001.007.003a Dusicyon gymnocercus gymnocercus_EN.pdf
1985,F-112.001.007.003a,Manual de identificación de la CITES - Lycalopex gymnocercus - Partes y Derivados,ES,F-112.001.007.003a,4,CITES ID Manual,Parts and Derivatives,F-112.001.007.003a Dusicyon gymnocercus gymnocercus_S.pdf
1985,F-112.001.007.003b,CITES ID Manual - Lycalopex gymnocercus antiquus - Parts and Derivatives,EN,,4,CITES ID Manual,Parts and Derivatives,F-112.001.007.003b Dusicyon gymnocercus antiquus_EN.pdf
1985,F-112.001.007.003b,Manual de identificación de la CITES - Lycalopex gymnocercus antiquus - Partes y Derivados,ES,F-112.001.007.003b,4,CITES ID Manual,Parts and Derivatives,F-112.001.007.003b Dusicyon gymnocercus antiquus_S.pdf
1985,F-112.001.015.002,CITES ID Manual - Vulpes cana - Parts and Derivatives,EN,,4,CITES ID Manual,Parts and Derivatives,F-112.001.015.002 Vulpes cana_EN.pdf
1985,F-112.001.015.002,Manual de identificación de la CITES - Vulpes cana - Partes y Derivados,ES,F-112.001.015.002,4,CITES ID Manual,Parts and Derivatives,F-112.001.015.002 Vulpes cana_S.pdf
1985,F-112.001.015.010,CITES ID Manual - Vulpes vulpes - Parts and Derivatives,EN,,4,CITES ID Manual,Parts and Derivatives,F-112.001.015.010 Vulpes vulpes_E.pdf
1985,F-112.001.015.010,Manual de identificación de la CITES - Vulpes vulpes - Partes y Derivados,ES,F-112.001.015.010,4,CITES ID Manual,Parts and Derivatives,F-112.001.015.010 Vulpes vulpes_S.pdf
1985,F-112.004.000.002,CITES ID Manual - Lutrinae - Parts and Derivatives,EN,,4,CITES ID Manual,Parts and Derivatives,F-112.004.000.002 Lutrinae - Fur skins_E.pdf
1985,F-112.004.000.002,Manuel d'identification de la CITES - Lutrinae - Parties et Produits,FR,F-112.004.000.002,4,CITES ID Manual,Parts and Derivatives,F-112.004.000.002 Lutrinae - Fourrures_F.pdf
1985,F-112.004.000.002,Manual de identificación de la CITES - Lutrinae - Partes y Derivados,ES,F-112.004.000.002,4,CITES ID Manual,Parts and Derivatives,F-112.004.000.002 Lutrinae - Pieles_S.pdf
1985,F-112.004.021.001,CITES ID Manual - Aonyx capensis - Parts and Derivatives,EN,,4,CITES ID Manual,Parts and Derivatives,F-112.004.021.001 Aonyx capensis_EN.pdf
1985,F-112.004.021.001,Manual de identificación de la CITES - Aonyx capensis - Partes y Derivados,ES,F-112.004.021.001,4,CITES ID Manual,Parts and Derivatives,F-112.004.021.001 Aonyx capensis_S.pdf
1985,F-112.004.022.001,CITES ID Manual - Enhydra lutris - Parts and Derivatives,EN,,4,CITES ID Manual,Parts and Derivatives,F-112.004.022.001 Enhydra lutris_EN.pdf
1985,F-112.004.022.001,Manual de identificación de la CITES - Enhydra lutris - Partes y Derivados,ES,F-112.004.022.001,4,CITES ID Manual,Parts and Derivatives,F-112.004.022.001 Enhydra lutris_S.pdf
1985,F-112.004.023.001,CITES ID Manual - Lontra canadensis - Parts and Derivatives,EN,,4,CITES ID Manual,Parts and Derivatives,F-112.004.023.001 Lutra canadensis_EN.pdf
1985,F-112.004.023.001,Manual de identificación de la CITES - Lontra canadensis - Partes y Derivados,ES,,4,CITES ID Manual,Parts and Derivatives,F-112.004.023.001 Lutra canadensis_S.pdf
1985,F-112.004.023.002,CITES ID Manual - Lontra felina - Parts and Derivatives,EN,,4,CITES ID Manual,Parts and Derivatives,F-112.004.023.002 Lutra felina_EN.pdf
1985,F-112.004.023.002,Manual de identificación de la CITES - Lontra felina - Partes y Derivados,ES,F-112.004.023.002,4,CITES ID Manual,Parts and Derivatives,F-112.004.023.002 Lutra felina_S.pdf
1985,F-112.004.023.003,CITES ID Manual - Lontra longicaudis - Parts and Derivatives,EN,,4,CITES ID Manual,Parts and Derivatives,F-112.004.023.003 Lutra longicaudis_EN.pdf
1985,F-112.004.023.003,Manual de identificación de la CITES - Lontra longicaudis - Partes y Derivados,ES,F-112.004.023.003,4,CITES ID Manual,Parts and Derivatives,F-112.004.023.003 Lutra longicaudis_S.pdf
1986,F-112.004.023.004,CITES ID Manual - Lutra lutra - Parts and Derivatives,EN,,4,CITES ID Manual,Parts and Derivatives,F-112.004.023.003 Lutra lutra_EN.pdf
1985,F-112.004.023.005,CITES ID Manual - Hydrictis maculicollis - Parts and Derivatives,EN,,4,CITES ID Manual,Parts and Derivatives,F-112.004.023.005 Lutra maculicollis_EN.pdf
1985,F-112.004.023.005,Manual de identificación de la CITES - Hydrictis maculicollis - Partes y Derivados,ES,F-112.004.023.005,4,CITES ID Manual,Parts and Derivatives,F-112.004.023.005 Lutra maculicollis_S.pdf
1986,F-112.004.023.006,CITES ID Manual - Lutrogale perspicillata - Parts and Derivatives,EN,,4,CITES ID Manual,Parts and Derivatives,F-112.004.023.006 Lutra perspicillata_EN.pdf
1986,F-112.004.023.006,Manual de identificación de la CITES - Lutrogale perspicillata - Partes y Derivados,ES,F-112.004.023.006,4,CITES ID Manual,Parts and Derivatives,F-112.004.023.006 Lutra perspicillata_S.pdf
1986,F-112.004.023.007,CITES ID Manual - Lontra provocax - Parts and Derivatives,EN,,4,CITES ID Manual,Parts and Derivatives,F-112.004.023.007 Lutra provocax_EN.pdf
1986,F-112.004.023.007,Manual de identificación de la CITES - Lontra provocax - Partes y Derivados,ES,F-112.004.023.007,4,CITES ID Manual,Parts and Derivatives,F-112.004.023.007 Lutra provocax_S.pdf
1984,F-112.004.025.000,CITES ID Manual - Pteronura brasiliensis - Parts and Derivatives,EN,,4,CITES ID Manual,Parts and Derivatives,F-112.004.025.001 Pteronura brasiliensis_EN.pdf
1985,F-112.004.025.001,Manual de identificación de la CITES - Pteronura brasiliensis - Partes y Derivados,ES,F-112.004.025.001,4,CITES ID Manual,Parts and Derivatives,F-112.004.025.001 Pteronura brasiliensis_S.pdf
1985,F-112.005.000.001,CITES ID Manual - Viverridae - Parts and Derivatives,EN,,4,CITES ID Manual,Parts and Derivatives,F-112.005.000.001 Viverridae - Fur skins_EN.pdf
1985,F-112.005.000.001,Manual de identificación de la CITES - Viverridae - Partes y Derivados,ES,F-112.005.000.001,4,CITES ID Manual,Parts and Derivatives,F-112.005.000.001 Viverridae - Pieles_S.pdf
1985,F-112.005.000.001,Manuel d'identification de la CITES - Viverridae - Parties et Produits,FR,F-112.005.000.001,4,CITES ID Manual,Parts and Derivatives,F-112.005.000.001 Viverridae - Fourrures_F.pdf
1985,F-112.005.001.000,CITES ID Manual - Genetta - Parts and Derivatives,EN,,4,CITES ID Manual,Parts and Derivatives,F-112.005.001.000 Genetta_EN.pdf
1985,F-112.005.004.002,CITES ID Manual - Prionodon pardicolor - Parts and Derivatives,EN,,4,CITES ID Manual,Parts and Derivatives,F-112.005.004.002 Prionodon pardicolor_E.pdf
1985,F-112.005.004.002,Manual de identificación de la CITES - Prionodon pardicolor - Partes y Derivados,ES,F-112.005.004.002,4,CITES ID Manual,Parts and Derivatives,F-112.005.004.002 Prionodon pardicolor_S.pdf
1985,F-112.005.005.001,CITES ID Manual - Civettictis civetta - Parts and Derivatives,EN,,4,CITES ID Manual,Parts and Derivatives,F-112.005.005.001 Civettictis civetta_E.pdf
1985,F-112.005.005.001,Manual de identificación de la CITES - Civettictis civetta - Partes y Derivados,ES,F-112.005.005.001,4,CITES ID Manual,Parts and Derivatives,F-112.005.005.001 Civettictis civetta_S.pdf
1985,F-112.005.005.004,CITES ID Manual - Viverra zibetha - Parts and Derivatives,EN,,4,CITES ID Manual,Parts and Derivatives,F-112.005.005.004 Viverra zibetha_E.pdf
1985,F-112.005.005.004,Manual de identificación de la CITES - Viverra zibetha - Partes y Derivados,ES,F-112.005.005.004,4,CITES ID Manual,Parts and Derivatives,F-112.005.005.004 Viverra zibetha_S.pdf
1985,F-112.007.000.001,CITES ID Manual - Felidae - Fur skins - Parts and Derivatives,EN,,4,CITES ID Manual,Parts and Derivatives,F-112.007.000.001 Felidae - Fur skins_EN.pdf
1985,F-112.007.000.001,Manual de identificación de la CITES - Felidae - Pieles - Partes y Derivados,ES,F-112.007.000.001,4,CITES ID Manual,Parts and Derivatives,F-112.007.000.001 Felidae - Pieles_S.pdf
1985,F-112.007.000.001,Manuel d'identification de la CITES - Felidae - Fourrures - Parties et Produits,FR,F-112.007.000.001,4,CITES ID Manual,Parts and Derivatives,F-112.007.000.001 Felidae - Fourrures_F.pdf
1985,F-112.007.000.003,CITES ID Manual - Felidae - Parts and Derivatives,EN,,4,CITES ID Manual,Parts and Derivatives,F-112.007.000.003 Felidae - Identification_EN.pdf
1985,F-112.007.000.003,Manual de identificación de la CITES - Felidae - Partes y Derivados,ES,F-112.007.000.003,4,CITES ID Manual,Parts and Derivatives,F-112.007.000.003 Felidae - Identificacción_S.pdf
1983,F-112.007.001.001,CITES ID Manual - Caracal aurata - Parts and Derivatives,EN,,4,CITES ID Manual,Parts and Derivatives,F-112.007.001.001 Felis aurata_E.pdf
1983,F-112.007.001.001,Manual de identificación de la CITES - Caracal aurata - Partes y Derivados,ES,F-112.007.001.001,4,CITES ID Manual,Parts and Derivatives,F-112.007.001.001 Felis aurata_S.pdf
1983,F-112.007.001.003,CITES ID Manual - Prionailurus bengalensis - Parts and Derivatives,EN,,4,CITES ID Manual,Parts and Derivatives,F-112.007.001.003 Felis bengalensis_E.pdf
1983,F-112.007.001.003,Manual de identificación de la CITES - Prionailurus bengalensis - Partes y Derivados,ES,F-112.007.001.003,4,CITES ID Manual,Parts and Derivatives,F-112.007.001.003 Felis bengalensis_S.pdf
1983,F-112.007.001.005,CITES ID Manual - Caracal caracal - Parts and Derivatives,EN,,4,CITES ID Manual,Parts and Derivatives,F-112.007.001.005 Felis caracal_E.pdf
1983,F-112.007.001.005,Manual de identificación de la CITES - Caracal caracal - Partes y Derivados,ES,F-112.007.001.005,4,CITES ID Manual,Parts and Derivatives,F-112.007.001.005 Felis caracal_S.pdf
1983,F-112.007.001.006,CITES ID Manual - Felis silvestris catus - Parts and Derivatives,EN,,4,CITES ID Manual,Parts and Derivatives,F-112.007.001.006 Felis silvestris catus_EN.pdf
1983,F-112.007.001.006,Manual de identificación de la CITES - Felis silvestris catus - Partes y Derivados,ES,F-112.007.001.006,4,CITES ID Manual,Parts and Derivatives,F-112.007.001.006 Felis silvestris catus_S.pdf
1983,F-112.007.001.007,CITES ID Manual - Felis chaus - Parts and Derivatives,EN,,4,CITES ID Manual,Parts and Derivatives,F-112.007.001.007 Felis chaus_E.pdf
1983,F-112.007.001.007,Manual de identificación de la CITES - Felis chaus - Partes y Derivados,ES,F-112.007.001.007,4,CITES ID Manual,Parts and Derivatives,F-112.007.001.007 Felis chaus_S.pdf
1983,F-112.007.001.008,CITES ID Manual - Leopardus colocola - Parts and Derivatives,EN,,4,CITES ID Manual,Parts and Derivatives,F-112.007.001.008 Felis colocolo_E.pdf
1983,F-112.007.001.008,Manual de identificación de la CITES - Leopardus colocola - Partes y Derivados,ES,F-112.007.001.008,4,CITES ID Manual,Parts and Derivatives,F-112.007.001.008 Felis colocolo_S.pdf
1983,F-112.007.001.009,CITES ID Manual - Puma concolor - Parts and Derivatives,EN,,4,CITES ID Manual,Parts and Derivatives,F-112.007.001.009 Felis concolor_E.pdf
1983,F-112.007.001.009,Manual de identificación de la CITES - Puma concolor - Partes y Derivados,ES,F-112.007.001.009,4,CITES ID Manual,Parts and Derivatives,F-112.007.001.009 Felis concolor_S.pdf
1983,F-112.007.001.010,CITES ID Manual - Leopardus geoffroyi - Parts and Derivatives,EN,,4,CITES ID Manual,Parts and Derivatives,F-112.007.001.010 Felis geoffroyi_E.pdf
1983,F-112.007.001.010,Manual de identificación de la CITES - Leopardus geoffroyi - Partes y Derivados,ES,F-112.007.001.010,4,CITES ID Manual,Parts and Derivatives,F-112.007.001.010 Felis geoffroyi_S.pdf
1983,F-112.007.001.013,CITES ID Manual - Leopardus jacobita - Parts and Derivatives,EN,,4,CITES ID Manual,Parts and Derivatives,F-112.007.001.013 Felis jacobita_E.pdf
1983,F-112.007.001.013,Manual de identificación de la CITES - Leopardus jacobita - Partes y Derivados,ES,F-112.007.001.013,4,CITES ID Manual,Parts and Derivatives,F-112.007.001.013 Felis jacobita_S.pdf
1984,F-112.007.001.014,CITES ID Manual - Lynx lynx - Parts and Derivatives,EN,,4,CITES ID Manual,Parts and Derivatives,F-112.007.001.014 Felis lynx_EN.pdf
1983,F-112.007.001.015,CITES ID Manual - Otocolobus manul - Parts and Derivatives,EN,,4,CITES ID Manual,Parts and Derivatives,F-112.007.001.016 Felis manul_EN.pdf
1983,F-112.007.001.016,Manual de identificación de la CITES - Otocolobus manul - Partes y Derivados,ES,F-112.007.001.016,4,CITES ID Manual,Parts and Derivatives,F-112.007.001.016 Felis manul_S.pdf
1983,F-112.007.001.017,Manual de identificación de la CITES - Felis margarita - Partes y Derivados,ES,,4,CITES ID Manual,Parts and Derivatives,F-112.007.001.017 Felis margarita_S.pdf
1983,F-112.007.001.020,CITES ID Manual - Leopardus pardalis - Parts and Derivatives,EN,,4,CITES ID Manual,Parts and Derivatives,F-112.007.001.020 Felis pardalis_EN.pdf
1983,F-112.007.001.023,CITES ID Manual - Prionailurus rubiginosus - Parts and Derivatives,EN,,4,CITES ID Manual,Parts and Derivatives,F-112.007.001.023 Felis rubiginosa_EN.pdf
1983,F-112.007.001.023,Manual de identificación de la CITES - Prionailurus rubiginosus - Partes y Derivados,ES,F-112.007.001.023,4,CITES ID Manual,Parts and Derivatives,F-112.007.001.023 Felis rubiginosa_S.pdf
1983,F-112.007.001.024,CITES ID Manual - Lynx rufus - Parts and Derivatives,EN,,4,CITES ID Manual,Parts and Derivatives,F-112.007.001.024 Felis rufa_EN.pdf
1983,F-112.007.001.024,Manual de identificación de la CITES - Lynx rufus - Partes y Derivados,ES,F-112.007.001.024,4,CITES ID Manual,Parts and Derivatives,F-112.007.001.024 Felis rufa_S.pdf
1983,F-112.007.001.025,CITES ID Manual - Leptailurus serval - Parts and Derivatives,EN,,4,CITES ID Manual,Parts and Derivatives,F-112.007.001.025 Felis serval_EN.pdf
1983,F-112.007.001.025,Manual de identificación de la CITES - Leptailurus serval - Partes y Derivados,ES,F-112.007.001.025,4,CITES ID Manual,Parts and Derivatives,F-112.007.001.025 Felis serval_S.pdf
1983,F-112.007.001.026,CITES ID Manual - Felis silvestris - Parts and Derivatives,EN,,4,CITES ID Manual,Parts and Derivatives,F-112.007.001.026 Felis silvestris_E.pdf
1983,F-112.007.001.026,Manual de identificación de la CITES - Felis silvestris - Partes y Derivados,ES,F-112.007.001.026,4,CITES ID Manual,Parts and Derivatives,F-112.007.001.026 Felis silvestris_S.pdf
1983,F-112.007.001.027,CITES ID Manual - Felis temminckii - Parts and Derivatives,EN,,4,CITES ID Manual,Parts and Derivatives,F-112.007.001.027 Felis temmincki_EN.pdf
1983,F-112.007.001.027,Manual de identificación de la CITES - Felis temminckii - Partes y Derivados,ES,F-112.007.001.027,4,CITES ID Manual,Parts and Derivatives,F-112.007.001.027 Felis temmincki_S.pdf
1983,F-112.007.001.028,CITES ID Manual - Leopardus tigrinus - Parts and Derivatives,EN,,4,CITES ID Manual,Parts and Derivatives,F-112.007.001.028 Felis tigrina_E.pdf
1983,F-112.007.001.028,Manual de identificación de la CITES - Leopardus tigrinus - Partes y Derivados,ES,F-112.007.001.028,4,CITES ID Manual,Parts and Derivatives,F-112.007.001.028 Felis tigrina_S.pdf
1983,F-112.007.001.030,CITES ID Manual - Leopardus wiedii - Parts and Derivatives,EN,,4,CITES ID Manual,Parts and Derivatives,F-112.007.001.030 Felis wiedii_E.pdf
1983,F-112.007.001.030,Manual de identificación de la CITES - Leopardus wiedii - Partes y Derivados,ES,F-112.007.001.030,4,CITES ID Manual,Parts and Derivatives,F-112.007.001.030 Felis wiedii_S.pdf
1983,F-112.007.001.031,CITES ID Manual - Herpailurus yagouaroundi - Parts and Derivatives,EN,,4,CITES ID Manual,Parts and Derivatives,F-112.007.001.031 Felis yagouaroundi_EN.pdf
1983,F-112.007.001.031,Manual de identificación de la CITES - Herpailurus yagouaroundi - Partes y Derivados,ES,F-112.007.001.031,4,CITES ID Manual,Parts and Derivatives,F-112.007.001.031 Felis yagouaroundi_S.pdf
1983,F-112.007.002.001,CITES ID Manual - Panthera leo - Parts and Derivatives,EN,,4,CITES ID Manual,Parts and Derivatives,F-112.007.002.001 Panthera leo_E.pdf
1983,F-112.007.002.001,Manual de identificación de la CITES - Panthera leo - Partes y Derivados,ES,F-112.007.002.001,4,CITES ID Manual,Parts and Derivatives,F-112.007.002.001 Panthera leo_S.pdf
1983,F-112.007.002.002,CITES ID Manual - Neofelis nebulosa - Parts and Derivatives,EN,,4,CITES ID Manual,Parts and Derivatives,F-112.007.002.002 Neofelis nebulosa_E.pdf
1983,F-112.007.002.002,Manual de identificación de la CITES - Neofelis nebulosa - Partes y Derivados,ES,F-112.007.002.002,4,CITES ID Manual,Parts and Derivatives,F-112.007.002.002 Neofelis nebulosa_S.pdf
1983,F-112.007.002.003,CITES ID Manual - Panthera onca - Parts and Derivatives,EN,,4,CITES ID Manual,Parts and Derivatives,F-112.007.002.003 Panthera onca_E.pdf
1983,F-112.007.002.003,Manual de identificación de la CITES - Panthera onca - Partes y Derivados,ES,F-112.007.002.003,4,CITES ID Manual,Parts and Derivatives,F-112.007.002.003 Panthera onca_S.pdf
1983,F-112.007.002.004,CITES ID Manual - Panthera pardus - Parts and Derivatives,EN,,4,CITES ID Manual,Parts and Derivatives,F-112.007.002.004 Panthera pardus_E.pdf
1983,F-112.007.002.004,Manual de identificación de la CITES - Panthera pardus - Partes y Derivados,ES,F-112.007.002.004,4,CITES ID Manual,Parts and Derivatives,F-112.007.002.004 Panthera pardus_S.pdf
1983,F-112.007.002.005,CITES ID Manual - Panthera tigris - Parts and Derivatives,EN,,4,CITES ID Manual,Parts and Derivatives,F-112.007.002.005 Panthera tigris_EN.pdf
1983,F-112.007.002.005,Manual de identificación de la CITES - Panthera tigris - Partes y Derivados,ES,F-112.007.002.005,4,CITES ID Manual,Parts and Derivatives,F-112.007.002.005 Panthera tigris_S.pdf
1983,F-112.007.002.006,CITES ID Manual - Panthera uncia - Parts and Derivatives,EN,,4,CITES ID Manual,Parts and Derivatives,F-112.007.002.006 Panthera uncia_E.pdf
1983,F-112.007.002.006,Manual de identificación de la CITES - Panthera uncia - Partes y Derivados,ES,F-112.007.002.006,4,CITES ID Manual,Parts and Derivatives,F-112.007.002.006 Panthera uncia_S.pdf
1983,F-112.007.003.001,CITES ID Manual - Acinonyx jubatus - Parts and Derivatives,EN,,4,CITES ID Manual,Parts and Derivatives,F-112.007.003.001 Acinonyx jubatus_E.pdf
1983,F-112.007.003.001,Manual de identificación de la CITES - Acinonyx jubatus - Partes y Derivados,ES,F-112.007.003.001,4,CITES ID Manual,Parts and Derivatives,F-112.007.003.001 Acinonyx jubatus_S.pdf
1985,F-113.000.000.001,"CITES ID Manual - Otariidae, Odobenidae, Phocidae - Parts and Derivatives",EN,,4,CITES ID Manual,Parts and Derivatives,F-113.000.000.001 Pinnipedia - Fur skins_EN.pdf
1985,F-113.000.000.001,"Manual de identificación de la CITES - Otariidae, Odobenidae, Phocidae - Partes y Derivados",ES,F-113.000.000.001,4,CITES ID Manual,Parts and Derivatives,F-113.000.000.001 Pinnipedia - Pieles_S.pdf
1985,F-113.000.000.001,"Manuel d'identification de la CITES - Otariidae, Odobenidae, Phocidae - Parties et Produits",FR,F-113.000.000.001,4,CITES ID Manual,Parts and Derivatives,F-113.000.000.001 Pinnipedia - Fourrures_F.pdf
1985,F-113.001.001.001,CITES ID Manual - Arctocephalus australis - Parts and Derivatives,EN,,4,CITES ID Manual,Parts and Derivatives,F-113.001.001.001 Arctocephalus australis_E.pdf
1985,F-113.001.001.001,Manual de identificación de la CITES - Arctocephalus australis - Partes y Derivados,ES,F-113.001.001.001,4,CITES ID Manual,Parts and Derivatives,F-113.001.001.001 Arctocephalus australis_S.pdf
1985,F-113.001.001.006,CITES ID Manual - Arctocephalus pusillus - Parts and Derivatives,EN,,4,CITES ID Manual,Parts and Derivatives,F-113.001.001.006 Arctocephalus pusillus_E.pdf
1985,F-113.001.001.006,Manual de identificación de la CITES - Arctocephalus pusillus - Partes y Derivados,ES,F-113.001.001.006,4,CITES ID Manual,Parts and Derivatives,F-113.001.001.006 Arctocephalus pusillus_S.pdf
1985,F-119.004.000.001,CITES ID Manual - Camelidae - Parts and Derivatives,EN,,4,CITES ID Manual,Parts and Derivatives,F-119.004.000.001 Camelidae - Fur skins_EN.pdf
1985,F-119.004.000.001,Manual de identificación de la CITES - Camelidae - Partes y Derivados,ES,F-119.004.000.001,4,CITES ID Manual,Parts and Derivatives,F-119.004.000.001 Camelidae - Pieles_S.pdf
1985,F-119.004.000.001,Manuel d'identification de la CITES - Camelidae - Parties et Produits,FR,F-119.004.000.001,4,CITES ID Manual,Parts and Derivatives,F-119.004.000.001 Camelidae - Fourrures_F.pdf
1985,F-119.004.002.001,CITES ID Manual - Lama guanicoe - Parts and Derivatives,EN,,4,CITES ID Manual,Parts and Derivatives,F-119.004.002.001 Lama guanicoe_E.pdf
1985,F-119.004.002.001,Manual de identificación de la CITES - Lama guanicoe - Partes y Derivados,ES,F-119.004.002.001,4,CITES ID Manual,Parts and Derivatives,F-119.004.002.001 Lama guanicoe_S.pdf
1985,F-119.004.002.002,CITES ID Manual - Vicugna vicugna - Parts and Derivatives,EN,,4,CITES ID Manual,Parts and Derivatives,F-119.004.002.002 Vicugna vicugna_EN.pdf
1985,F-119.004.002.002,Manual de identificación de la CITES - Vicugna vicugna - Partes y Derivados,ES,F-119.004.002.002,4,CITES ID Manual,Parts and Derivatives,F-119.004.002.002 Vicugna vicugna_S.pdf
1995,F-119.009.042.001,CITES ID Manual - Pantholops hodgsonii - Parts and Derivatives,EN,,4,CITES ID Manual,Parts and Derivatives,F-F-119.009.042.001 Panthalops hodgonsii_EN.pdf
1985,F-112.001.001.001,CITES ID Manual - Alopex lagopus - Parts and Derivatives,EN,,4,CITES ID Manual,Parts and Derivatives,F-112.001.001.001 Alopex lagopus_EN.pdf
1985,F-112.001.001.001,Manual de identificación de la CITES - Alopex lagopus - Partes y Derivados,ES,F-112.001.001.001,4,CITES ID Manual,Parts and Derivatives,F-112.001.001.001 Alopex lagopus_S.pdf
1985,F-112.001.003.001,CITES ID Manual - Canis adustus - Parts and Derivatives,EN,,4,CITES ID Manual,Parts and Derivatives,F-112.001.003.001 Canis adustus_EN.pdf
1985,F-112.001.003.001,Manual de identificación de la CITES - Canis adustus - Partes y Derivados,ES,F-112.001.003.001,4,CITES ID Manual,Parts and Derivatives,F-112.001.003.001 Canis adustus_S.pdf
1985,F-112.001.003.004,CITES ID Manual - Canis latrans - Parts and Derivatives,EN,,4,CITES ID Manual,Parts and Derivatives,F-112.001.003.004 Canis latrans_EN.pdf
1985,F-112.001.003.004,Manual de identificación de la CITES - Canis latrans - Partes y Derivados,ES,F-112.001.003.004,4,CITES ID Manual,Parts and Derivatives,F-112.001.003.004 Canis latrans_S.pdf
1985,F-112.001.014.001,Manual de identificación de la CITES - Urocyon cinereoargentatus - Partes y Derivados,ES,,4,CITES ID Manual,Parts and Derivatives,F-112.001.014.001 Urocyon cinereoargentatus_S.pdf
1985,F-112.001.015.004,CITES ID Manual - Vulpes corsac and Vulpes velox - Parts and Derivatives,EN,,4,CITES ID Manual,Parts and Derivatives,F-112.001.015.004 Vulpes corsac and Vulpes velox_EN.pdf
1985,F-112.001.015.004,Manual de identificación de la CITES - Vulpes corsac and Vulpes velox - Partes y Derivados,ES,F-112.001.015.004,4,CITES ID Manual,Parts and Derivatives,F-112.001.015.004 Vulpes corsac and Vulpes velox_S.pdf
1985,F-112.005.003.001 ,CITES ID Manual - Poiana richardsoni - Parts and Derivatives,EN,,4,CITES ID Manual,Parts and Derivatives,F-112.005.003.001 Poiana richardsoni_EN.pdf
1985,F-112.005.003.001 ,Manual de identificación de la CITES - Poiana richardsonis - Partes y Derivados,ES,F-112.005.003.001 ,4,CITES ID Manual,Parts and Derivatives,F-112.005.003.001 Poiana richardsoni_S.pdf
